#
# Structure for table "activities"
#

DROP TABLE IF EXISTS `activities`;
CREATE TABLE `activities` (
  `Id` bigint(20) NOT NULL AUTO_INCREMENT,
  `create_time` timestamp NOT NULL DEFAULT CURRENT_TIMESTAMP COMMENT '创建时间',
  `last_modify_time` timestamp NULL DEFAULT CURRENT_TIMESTAMP ON UPDATE CURRENT_TIMESTAMP COMMENT '最后修改时间',
  `name` varchar(255) NOT NULL DEFAULT '' COMMENT '名称',
  `place` varchar(255) DEFAULT '' COMMENT '活动地点',
  `semester_name` varchar(255) DEFAULT '' COMMENT '活动学期',
  `sponsor_mass` varchar(255) DEFAULT NULL COMMENT '主办社团',
  `hold_time` datetime DEFAULT '2000-01-01 12:00:00' COMMENT '举办时间',
  `type` varchar(255) DEFAULT '' COMMENT '活动类型',
  `review` int(11) DEFAULT '0' COMMENT '审核次数',
  `description` varchar(255) DEFAULT '' COMMENT '活动摘要',
  `join_people` int(11) unsigned DEFAULT '0' COMMENT '参加人数',
  `audience` int(11) unsigned DEFAULT '0' COMMENT '观众人数',
  `status` int(11) unsigned DEFAULT '0' COMMENT '状态',
  PRIMARY KEY (`Id`)
) ENGINE=InnoDB AUTO_INCREMENT=27 DEFAULT CHARSET=utf8 COMMENT='活动';

#
# Data for table "activities"
#

INSERT INTO `activities` VALUES (1,'2018-05-22 15:35:30','2018-05-22 15:35:30','羽毛球第一次例会','1号楼107','33455','羽毛协会','2018-05-23 00:00:00','内部活动',0,'',NULL,0,3),(2,'2018-05-22 19:51:23','2018-05-22 19:51:39','第二届社团风采晚会','多功能厅','33455','全部社团','2018-05-22 20:00:00','院级活动',0,'',NULL,0,3),(3,'2018-05-22 19:54:42','2018-05-22 19:54:42','2018年郑州联谊养老院活动','郑州联谊养老院，7点在校门口集合','33455','全部社团','2018-05-25 08:00:00','院级活动',0,'',NULL,0,1),(4,'2018-05-22 20:00:26','2018-05-22 20:00:26','跨年演唱会','多功能大厅','33455','民族舞社','2018-08-26 19:59:00','内部活动',0,'无',NULL,0,3),(5,'2018-05-22 20:02:18','2018-05-27 14:23:52','元旦晚会','多功能厅','33455','心理协会','2019-01-01 18:00:00','院级活动',NULL,'',NULL,0,3),(6,'2018-05-22 20:04:59','2018-05-24 12:12:40','夏季运动会','北区体育场','33455','心理协会','2018-05-24 09:00:00','校级活动',0,'',NULL,0,3),(7,'2018-05-22 20:09:10','2018-05-24 12:12:14','端午节包粽子','软件学院餐厅','33455','心理协会','2018-06-25 16:00:00','院级活动',NULL,'',NULL,0,1),(8,'2018-05-22 20:13:12','2018-05-22 20:13:12','毕业趴','西区操场','33455','心理协会','2018-06-15 18:00:00','内部活动',0,'',NULL,0,3),(9,'2018-05-24 11:56:03','2018-05-24 11:57:15','主持人大赛','软件学院多功能厅','33455','心理协会','2018-05-31 00:00:00','院级活动',0,'',NULL,0,3),(13,'2018-05-24 14:03:31','2018-05-25 15:42:22','周末社团联谊','西流湖','33455','心理协会','2018-06-02 09:00:00','院级活动',NULL,'',NULL,0,1),(14,'2018-05-24 14:21:07','2018-05-24 14:21:07','周末组织训练','排练厅','33455','心理协会','2018-05-26 00:00:00','内部活动',0,'',NULL,0,3),(15,'2018-05-24 18:23:57','2018-05-24 18:24:13','端午节活动','多动能听','33455','全部社团','2018-05-24 18:23:33','校级活动',0,'',NULL,0,3),(16,'2018-05-25 10:28:44','2018-05-25 10:28:44','唱歌比赛','多功能厅','33455','心理协会','2018-05-30 00:00:00','院级活动',0,'',NULL,0,1),(17,'2018-05-25 10:33:11','2018-05-25 10:51:07','诗歌朗诵比赛','2号楼402教室','33455','心理协会','2018-05-30 14:00:00','院级活动',NULL,'',NULL,0,3),(18,'2018-05-25 10:41:24','2018-05-25 10:41:24','心理协会辩论赛','1号楼101教室','33455','心理协会','2018-05-30 00:00:00','内部活动',0,'',NULL,0,3),(19,'2018-05-25 21:35:13','2018-05-25 21:41:18','流行歌曲大赛Plan A','多功能厅','33455','心理协会','2018-05-31 00:00:00','校级活动',NULL,'',NULL,0,3),(20,'2018-05-28 10:03:10','2018-05-28 10:03:10','5:28例会','大厅','33455','心理协会','2018-05-28 10:06:00','内部活动',0,'例会',NULL,0,3),(21,'2018-05-28 15:36:50','2018-05-28 15:39:34','活动5.28','多功能厅','33455','心理','2018-05-28 17:35:00','校级活动',0,'5.28社团活动',NULL,0,3),(22,'2018-05-28 15:41:24','2018-05-28 15:41:24','A活动5.28','室内体育馆','33455','心理协会','2018-05-28 18:40:00','内部活动',0,'心理协会活动',NULL,0,3),(23,'2018-05-29 14:27:21','2018-05-29 14:27:21','5.29活动','多功能厅','33455','全部社团','2018-05-29 23:29:00','内部活动',0,'',NULL,0,3),(24,'2018-05-31 10:28:21','2018-06-18 21:05:43','5.31活动','多功能厅','33455','民族舞','2018-05-31 11:27:00','校级活动',0,'训练',NULL,0,3),(25,'2018-05-31 11:38:12','2018-05-31 11:39:52','第一届社团风采晚会','多功能厅','33455','全部社团','2018-05-31 11:40:00','院级活动',0,'',NULL,0,3),(26,'2018-05-31 11:38:17','2018-05-31 11:39:45','活动5.31','多功能厅','33455','轮滑社','2018-05-31 13:37:00','院级活动',NULL,'轮滑表演',NULL,0,3);

#
# Structure for table "activities_doc"
#

DROP TABLE IF EXISTS `activities_doc`;
CREATE TABLE `activities_doc` (
  `Id` bigint(20) NOT NULL AUTO_INCREMENT,
  `create_time` timestamp NOT NULL DEFAULT CURRENT_TIMESTAMP COMMENT '创建时间',
  `last_modify_time` timestamp NOT NULL DEFAULT CURRENT_TIMESTAMP ON UPDATE CURRENT_TIMESTAMP COMMENT '最后修改时间',
  `activities_id` bigint(20) NOT NULL DEFAULT '0' COMMENT '活动ID',
  `proposal` varchar(255) DEFAULT '' COMMENT '修改建议',
  `type` int(11) DEFAULT '0' COMMENT '文档类型',
  `value` text COMMENT 'url或md字符串',
  `status` int(11) DEFAULT '0' COMMENT '状态',
  PRIMARY KEY (`Id`)
) ENGINE=InnoDB AUTO_INCREMENT=27 DEFAULT CHARSET=utf8 COMMENT='活动文档';

#
# Data for table "activities_doc"
#

INSERT INTO `activities_doc` VALUES (1,'2018-05-22 15:35:30','2018-05-22 15:35:30',1,NULL,1,'羽毛球第一次例会，要求羽毛球社团成员必须参加。',1),(2,'2018-05-22 19:51:23','2018-05-22 19:51:39',2,NULL,1,'::: hljs-center\n\n# 社团风采晚会申请书\n\n:::\n社联风采晚会是为了展示社团风采的一个院级活动。\n\n',1),(3,'2018-05-22 19:54:42','2018-05-22 19:54:42',3,NULL,1,'::: hljs-center\n\n郑州联谊养老院活动申请书\n\n:::\n本活动旨在关爱老人\n',1),(4,'2018-05-22 20:00:26','2018-05-22 20:00:26',4,NULL,1,'跨年庆典，不见不散',1),(5,'2018-05-22 20:02:18','2018-05-27 14:23:52',5,'无',1,'大学校园元旦文艺晚会活动策划方案 一活动主题:畅想陕铁,舞动管理 二活动目的: 时间如白驹过隙,转眼间2019年元旦将至,为庆祝元旦佳节,也为进一步推进校园文化生活，隆重举办元旦晚会。',1),(6,'2018-05-22 20:04:59','2018-05-24 12:12:40',6,NULL,1,'2018年中原工学院软件学院秋季运动会活动方案为推动我校学生课外体育锻炼的广泛开展,提高学生的锻炼意识,养成健身习惯,增强学生体质,丰富校园生活,同时也增强学生的团队凝聚力，举办夏季运动会。',1),(7,'2018-05-22 20:09:10','2018-05-22 20:09:10',7,NULL,1,'端午节，为每年农历五月初五。据《荆楚岁时记》记载，因仲夏登高，顺阳在上，五月是仲夏，它的第一个午日正是登高顺阳好天气之日，故五月初五亦称为“端阳节”。此外端午节还称“午日节、五月节、龙舟节、浴兰节、诗人节”等。端午节是流行于中国以及汉字文化圈诸国的传统文化节日。\n学院举行包粽子比赛：\n中国的传统节日大多与吃有关，端午吃粽子，可算是全国通行的习俗，而包粽子主要是用河塘边盛产的嫩芦苇叶，也有用竹叶的，统称粽叶。百姓家家都要浸糯米、洗粽叶、包粽子，其花色品种更为繁多。从馅料看，北方多包小枣的北京枣粽;南方则有豆沙、鲜肉、火腿、蛋黄等多种馅料，其中以浙江嘉兴粽子为代表。吃粽子的风俗，千百年来，在中国盛行不衰，而且流传到朝鲜、日本及东南亚诸国。【学院端午节活动方案】活动方案。\n\n比赛规则:10人一组，可分4组进行比赛。将准备好的粽叶、糯米、红枣、红豆、猪肉物品发放给参赛选手，听到裁判员的指令，开始动手，完成的作品需达到指定的标准，(最终解释权在裁判员)，取前3名，参与选手有参与奖。裁判员根据比赛结果发放相应“领奖卷”。\n\n准备材料:布料、带子、米、绿豆、仿真水果(小)、桌子数张。',1),(8,'2018-05-22 20:13:12','2018-05-22 20:13:12',8,NULL,1,'晚会的主要形式是文艺晚会，节目数量控制在12个，其类型包括：歌舞表演、相声、小品、舞台剧等。中间并穿插互动环节，第一，VCR的播放(VCR拍摄关于毕业生临近毕业时段的生活以及学生生导师对毕业生的美好祝福和寄语)、优秀毕业生对学弟学妹们的建议和祝愿。第二，抽奖环节的设置，根据座位号随机抽取。演出节目组成由学校大学生艺术团选送4个节目、文艺学院选送1-2个节目、以及各学院毕业生分会选送1-2个节目，形式不限，但内容必须健康、积极向上。然后对节目进行筛选、采排等，由策划组及指导老师审查之后将节目数量控制在12个，每个节目的演出时间大约在4-5分钟，整个晚会的时间控制在2个小时左右。 八、晚会流程\n\n　　整体流程：观众入场完毕、会场一切准备工作就绪—→开场舞—→主持人宣布晚会开幕 —→节目表演 —→互动环节(VCR的播放、抽奖环节)—→节目表演—→主持人宣读晚会闭幕词—→观众退场(工作人员留下)',1),(9,'2018-05-24 11:56:03','2018-05-24 11:57:15',9,NULL,1,'> 为丰富校园文化生活；营造良好的校园文化氛围；展现我校学子青春、热情、富有活力的青春风采；拓展大学生的综合素质能力；丰富其课余生活；锻炼交际反应能力；选拔优秀主持人；特面向湖南科技职业学院全体学生，举办本次的主持人大赛。此次比赛将以锻炼同学们的上台胆量以及口才能力为主要目的，把快乐健言贯彻到同学们的生活之中，让越来越多的学生在一次次的说话中，彰显自我品质，达到社会对新一代大学生“站起来能说，坐下去能写”的更高要求。\n1、初赛：\n内容：自我介绍2分钟；选读一段文章（材料由选手自选）；即兴问答（由评委选问两到三个问题）。\n评委：指导老师，校广播站人员，。最终评委将商议选出9名优秀的选手，进入决赛环节。\n评分标准：见附1。\n2、决赛：\n评  委：校团委老师；校团委、学生会；各分院团委、学生会；校广播站成员3名。\n主持人:校广播站播音员\n活动流程:\n1、开场演出(5分钟)；节目待定。\n2、主持人开场白以及介绍到场嘉宾(8分钟)；\n3、正式比赛：\n（1）九位选手的个性登场，进行面向观众的自我介绍。选手按编号在背景音乐的配合下用自己独特的方式依次做自我介绍(时间不得超过30秒)。\n（2）自我介绍完后主持人出场,介绍此次活动的主办方,到场嘉宾及活动的流程。\n（3）前5位选手对进入复赛之前抽取的演讲题目进行自行拟稿后以脱稿的形式进行演说，时间为2分钟，后4位选手后台准备才艺表演，(才艺表演为一小段，时间不可过长)才艺表演结束后互换。此项目为考察选手的普通话水平和形象气质，展示自我的风采。\n（4）以抽签的形式给每位选手安排一档节目（如天气预报、新闻联播、娱乐新闻等等），让选手即兴主持自己抽取的那档节目，考察台风、主持能力以及随机应变能力(时间不得超过两分钟)。每个选手主持完毕由评委点评。\n（5）现场抽签，决定2人一组搭配，选择以下内容的任意一项进行合作主持（4分钟）\nA、现场指定道具，利用道具进行节目主持。\nB、主持非常6+1，模仿主持人李咏的风格进行主持。\n（6）由评委向选手提问有关在主持过程中的一些问题，重点考察选手的随机应变能力。每个选手在评委提问完毕后，选手可以通过才艺展示（一分钟）以及激情演说（一分钟）进行现场拉票，支持率高的选手在最终比赛结果上也将具有一定优势。\n4、在决赛中间穿插舞蹈，由街舞协会提供节目。(10分钟)\n5、在决赛中进行现场观众的三次抽奖。(3*3=9分钟)\n6、最后，在评委商议最终结果的同时，由全体选手共同表演一个综艺类节目，保持现场气氛，以免冷场。\n7、评委根据选手的总体表现以及现场支持率，进行现场评分。总分为20分。每个选手的比赛成绩，按评委的打分去掉一个最高分，去掉一个最低分，取另几位评委评分的平均分，如有选手成绩相同，则按照小数点以后的成绩评分。评委打分允许小数点后打一位（不得超过）。比赛评委打分原分以及计分统计的评分一律保存归档备查，不得销毁。最终选出优胜者，进行颁奖，活动结束。\n评委评分标准：见附1。\n七、奖项设置：\n本次竞赛设一等奖一名、二等奖两名、三等奖三名和优胜奖三名。\n八、可行性分析：\n1、经了解，大学生尤其是新生对口才能力的提高特兴趣特别浓厚，本次主持人大赛面向我校全体学生，重点是面向大一全体新生进行比赛。在合适时机给热爱主持的同学一个展示自己才能的平台，同时又可以锻炼他们在台上面对大众的胆量，增加自己的自信心和提高口才表达能力。\n2、这是本站举办的主持人大赛，我站在这个学期就着手准备这次大赛，发动全站成员，合理分工，积极配合，精心准备好前期工作。本次大赛有一定的规则和时间限制，比赛期间选手有较长的时间，准备时间充足，不会造成同学们太大的课余负担。\n3、所邀请的评委都有一定的评分经验和权威性，评分标准也是经过反复商讨确定，制成评分表格提供给各位评委，由评委的评选结果中评出比赛的获胜选手，并颁发奖品及证书，保证整个过程的公平性、公正性、公开性和可靠性。',1),(13,'2018-05-24 14:03:31','2018-05-24 14:03:31',13,NULL,1,'联谊会成员可以是过去的同学、同事、同乡或曾经有过较密切关系的交往人员，也可以是现实的同行、朋友。联谊会依靠成员间的活动维持其存在与发展，这些活动大致有演出会、舞会、节日聚会、参观活动，撰写校史、厂史、军史、回忆录，教育青少年等。通过这些活动，联谊会成员可以增进相互间的了解，增进友谊，达到精神保健之目的，同时也为社会进步与发展作出一定的贡献。',1),(14,'2018-05-24 14:21:07','2018-05-24 14:21:07',14,NULL,1,'\"台上一分钟，台下周末功\"为了节目能够更精彩的演出，周末训练！',1),(15,'2018-05-24 18:23:57','2018-05-24 18:24:13',15,NULL,1,'丰富生活',1),(16,'2018-05-25 10:28:44','2018-05-25 10:28:44',16,NULL,1,'（1）文艺部负责整体策划,培训主持人，礼仪，VCD的收取及发放，音响灯光，发送请帖等。\n （2）宣传部负责全场布置，前期宣传，计分，准备荣誉证书等。\n （3）体育部负责会场座位安排。\n （4）权益部负责全场安全纪律。\n （5）各部门负责维持后场秩序。\n （6）记者站负责留下大赛精彩瞬间。\n （7）生活部和秘书处负责会场卫生。\n （8）其他部门工作另行通知。\n 六、参赛办法\n 1.参赛对象：全日制在校学生（仅限大一新生）\n 2.参赛形式：主要以独唱为主，也可以以合唱，乐队形式参赛。\n 3.参赛内容：选手最好有一定演唱基础，通俗 民族 美声唱法均可，要求作品内容积极健康，体现音乐新潮流。\n 4.参赛要求：参赛选手如实填写大赛报名表；尊重评委，尊重评选结果；服从组织单位的各项安排，按时参加比赛及其他活动。参赛选手必须自备伴奏碟（最好使8倍速的CD），并按要求的时间上交各阶段的参赛碟至校学生会办公室。参赛选手参赛时所需服装，化妆品，道具等请自行准备，参赛选手凡上报曲目后，无特殊情况部允许随意更换参赛曲目及顺序。',1),(17,'2018-05-25 10:33:11','2018-05-25 10:51:07',17,NULL,1,'活动目的：\n\n为迎接中华人民共和国成立60周年和少先队建队60周年，深入贯彻党的xx大精神，大力推进未成年人思想道德建设，深化\"祖国发展我成长\"主题教育实践活动，我校将开展\"我爱你，中国\"迎\"双节\"诗诵会活动，从而进一步加强青少年爱国主义教育和理想信念教育，培养学生热爱党、热爱祖国、热爱少先队的崇高品质。\n\n本次比赛分为初赛和决赛两场比赛。\n\n1. 初赛分年级进行，各年级推选出成绩优秀的选手参加决赛。\n\n2. 决赛由揭阳广播电台读书俱乐部派出部分代表与华侨中学的老师们组成评委团进行评分，并评选出相关奖项。\n\n3. 为了鼓励原创诗歌，本次比赛特设立\"最佳作品奖\"，对各班选手演绎的原创作品进行评比，以奖励在诗歌创作方面有突出才能的同学。',1),(18,'2018-05-25 10:41:24','2018-05-25 10:41:24',18,NULL,1,'1、宣传活动：\n\n（1）通知网宣部,由网宣部宣传,可张贴海报、展板等；\n\n（2）比赛期间及时对比赛结果张榜公布；\n\n（3）比赛期间对比赛过程进行拍照并及时在官网上进行新闻推送；\n\n（4）总决赛结束后,对本次活动进行总结报道,并在系内对比赛概况和获奖情况进行报道。\n\n2、场地安排：\n\n辩手按顺序由辩论场的中央往旁边排列座位，成外八字状。计时员位置在辩手席的斜后，主席的正前方。主席在两个参赛队中间、比赛人员稍后一点的中央位置，便于观察整个辩论会场的情形。评委席安排在主席的正对面.场地布置由自动控制系学习部具体实施。\n\n比赛按照具体抽签时间进行抽签。\n\n3、辩题由主办方负责组织，在赛前向参赛队公布。\n\n4、按照邀请名单，发送邀请函和请柬。此工作必须计划周密，由专人负责，邀请函和请柬发送出去，负责人要回收确认消息，在辩论赛前一天必须核定。',1),(19,'2018-05-25 21:35:13','2018-05-25 21:41:18',19,NULL,1,'以“唱响童心”为主题的2010年全国儿童歌曲大奖赛自4月中旬启动以来,全国36家省市电视台及相关部门积极参与歌曲选送,通过初评、复评,根据大赛整体进度安排。',1),(20,'2018-05-28 10:03:10','2018-05-28 10:03:10',20,NULL,1,'例会',1),(21,'2018-05-28 15:36:50','2018-05-28 15:39:34',21,'无',1,'请有兴趣的到场参观！',1),(22,'2018-05-28 15:41:24','2018-05-28 15:41:24',22,NULL,1,'请各位有兴趣的到场参观。',1),(23,'2018-05-29 14:27:21','2018-05-29 14:27:21',23,NULL,1,'的呃呃呃额额的得得得呃呃呃额额的',1),(24,'2018-05-31 10:28:21','2018-06-18 21:05:43',24,NULL,1,'请各位准时训练！！！',1),(25,'2018-05-31 11:38:12','2018-05-31 11:39:52',25,NULL,1,'### 申请书\n巴拉巴拉巴拉',1),(26,'2018-05-31 11:38:17','2018-05-31 11:39:45',26,NULL,1,'活动正文申请书',1);

#
# Structure for table "activities_program"
#

DROP TABLE IF EXISTS `activities_program`;
CREATE TABLE `activities_program` (
  `Id` bigint(20) NOT NULL AUTO_INCREMENT,
  `create_time` timestamp NOT NULL DEFAULT CURRENT_TIMESTAMP ON UPDATE CURRENT_TIMESTAMP COMMENT '创建时间',
  `last_modify_time` timestamp NOT NULL DEFAULT CURRENT_TIMESTAMP ON UPDATE CURRENT_TIMESTAMP COMMENT '最后更新时间',
  `name` varchar(255) DEFAULT NULL COMMENT '节目名称',
  `activities_id` bigint(20) DEFAULT '0' COMMENT '活动ID',
  `mass` varchar(255) DEFAULT '' COMMENT '所属社团',
  `mass_id` bigint(1) DEFAULT '0' COMMENT '社团ID',
  `status` int(11) NOT NULL DEFAULT '0' COMMENT '状态',
  PRIMARY KEY (`Id`)
) ENGINE=InnoDB AUTO_INCREMENT=16 DEFAULT CHARSET=utf8 COMMENT='活动节目表';

#
# Data for table "activities_program"
#

INSERT INTO `activities_program` VALUES (1,'2018-05-22 20:34:52','2018-05-22 20:34:52','红色经典舞蹈',8,'心理协会',5,1),(2,'2018-05-23 17:07:24','2018-05-23 17:07:24','红色经典',8,'民族舞',7,1),(5,'2018-05-23 17:53:37','2018-05-23 17:53:37','英雄联萌',8,'电竞社',1,1),(6,'2018-05-23 21:57:00','2018-05-23 21:57:00','成语接龙游戏',8,'心理协会',5,0),(7,'2018-05-23 21:39:59','2018-05-23 21:39:59','花式篮球',8,'篮球社',4,1),(8,'2018-05-24 14:22:21','2018-05-24 14:22:21','第一遍串通',14,NULL,NULL,1),(9,'2018-05-24 18:28:54','2018-05-24 18:28:54','舞蹈',15,'芭蕾社',14,1),(10,'2018-05-30 12:30:05','2018-05-30 12:30:05','拉拉队',6,'心理协会',5,0),(11,'2018-05-25 10:44:24','2018-05-25 10:44:24','辩论赛',18,'心理协会',5,1),(12,'2018-05-25 10:44:47','2018-05-25 10:44:47','辩论赛',18,'心理协会',5,1),(13,'2018-05-25 10:45:14','2018-05-25 10:45:14','辩论赛预赛',18,'心理协会',5,1),(14,'2018-05-25 10:46:22','2018-05-25 10:46:22','辩论赛决赛',18,'心理协会',5,1),(15,'2018-05-31 11:40:38','2018-05-31 11:40:38','朗诵',25,'读书协会',2,1);

#
# Structure for table "apply_org_temp"
#

DROP TABLE IF EXISTS `apply_org_temp`;
CREATE TABLE `apply_org_temp` (
  `id` int(11) NOT NULL AUTO_INCREMENT COMMENT '主键',
  `name` varchar(64) NOT NULL COMMENT '社团名称',
  `pet_name` varchar(64) NOT NULL COMMENT '别名',
  `logo_url` varchar(128) DEFAULT NULL COMMENT '头像名称',
  `president_name` varchar(255) DEFAULT NULL COMMENT '社长名称',
  `president_sno` varchar(255) DEFAULT NULL COMMENT '社长学号',
  `stastus` tinyint(4) NOT NULL DEFAULT '0' COMMENT '审核状态 0审核中；-1未通过；1通过',
  `update_time` timestamp NOT NULL DEFAULT CURRENT_TIMESTAMP ON UPDATE CURRENT_TIMESTAMP COMMENT '更新时间',
  `create_time` timestamp NOT NULL DEFAULT CURRENT_TIMESTAMP COMMENT '创建时间',
  `reason` varchar(1000) NOT NULL DEFAULT '' COMMENT '申请理由',
  `usno1` varchar(255) NOT NULL,
  `usno2` varchar(255) NOT NULL,
  `usno3` varchar(255) NOT NULL,
  PRIMARY KEY (`id`)
) ENGINE=InnoDB AUTO_INCREMENT=7 DEFAULT CHARSET=utf8 COMMENT='申请社团临时表';

#
# Data for table "apply_org_temp"
#

INSERT INTO `apply_org_temp` VALUES (1,'测试社团','测试',NULL,'贾慧强','201470024220',0,'2018-05-25 19:57:53','2018-05-25 19:57:53','申请社团','201470044226','201470044226','201470044226'),(2,'唱歌社','唱歌',NULL,'贾慧强','201470024220',1,'2018-05-26 11:54:13','2018-05-26 11:11:14','唱歌','201719212305','201719212429','201719164404'),(3,'吉他社','guitar',NULL,'李','201470034107',2,'2018-05-26 17:59:31','2018-05-26 12:23:52','丰富学生乐器了解、学习','201470024231','201470024231','201470024231'),(4,'吉他社','guitar',NULL,'李','20147003410000',2,'2018-05-31 16:33:25','2018-05-26 12:26:06','丰富学生乐器了解、学习','201470024231','201470024231','201470024231'),(5,'轮滑社','轮滑',NULL,'贾慧强','201470024220',0,'2018-05-26 21:15:18','2018-05-26 21:15:18','201470034106','201470034106','201470034106','201470034106'),(6,'轮滑社','轮滑',NULL,'李向','201470034106',2,'2018-05-31 11:30:56','2018-05-31 11:28:37','轮滑社申请书','201470024231','201619040104','201619040229');

#
# Structure for table "demo"
#

DROP TABLE IF EXISTS `demo`;
CREATE TABLE `demo` (
  `Id` int(11) NOT NULL AUTO_INCREMENT,
  `create_time` timestamp NULL DEFAULT CURRENT_TIMESTAMP,
  `last_modify_time` timestamp NULL DEFAULT NULL ON UPDATE CURRENT_TIMESTAMP,
  `name` varchar(50) DEFAULT '',
  PRIMARY KEY (`Id`)
) ENGINE=InnoDB DEFAULT CHARSET=utf8;

#
# Data for table "demo"
#


#
# Structure for table "dictionary"
#

DROP TABLE IF EXISTS `dictionary`;
CREATE TABLE `dictionary` (
  `Id` bigint(20) NOT NULL AUTO_INCREMENT,
  `create_time` timestamp NOT NULL DEFAULT CURRENT_TIMESTAMP ON UPDATE CURRENT_TIMESTAMP COMMENT '创建时间',
  `last_modify_time` timestamp NULL DEFAULT CURRENT_TIMESTAMP ON UPDATE CURRENT_TIMESTAMP COMMENT '最后修改时间',
  `d_key` varchar(255) NOT NULL DEFAULT '' COMMENT '字典Key值',
  `value` text COMMENT 'value值',
  `status` int(11) DEFAULT '0',
  PRIMARY KEY (`Id`)
) ENGINE=InnoDB AUTO_INCREMENT=2 DEFAULT CHARSET=utf8 COMMENT='字典表';

#
# Data for table "dictionary"
#

INSERT INTO `dictionary` VALUES (1,'2018-05-26 16:05:40','2018-05-26 16:05:40','classes','[{\"classes\":null,\"status\":1,\"type\":null},{\"classes\":\"RB软工金142\",\"status\":0,\"type\":null},{\"classes\":\"RB软工网141\",\"status\":0,\"type\":\"14\"}]',1);

#
# Structure for table "finance"
#

DROP TABLE IF EXISTS `finance`;
CREATE TABLE `finance` (
  `Id` bigint(20) NOT NULL AUTO_INCREMENT,
  `create_time` timestamp NOT NULL DEFAULT CURRENT_TIMESTAMP ON UPDATE CURRENT_TIMESTAMP,
  `last_modify_time` timestamp NOT NULL DEFAULT CURRENT_TIMESTAMP ON UPDATE CURRENT_TIMESTAMP,
  `name` varchar(255) DEFAULT NULL COMMENT '申请名称',
  `activities_id` bigint(20) DEFAULT '0',
  `activities_name` varchar(255) DEFAULT NULL COMMENT '活动名称',
  `times` datetime NOT NULL DEFAULT '2000-01-01 00:00:00' COMMENT '申请时间',
  `total_free` float(11,2) NOT NULL DEFAULT '0.00' COMMENT '总额',
  `type` varchar(255) DEFAULT NULL COMMENT '类型',
  `mass_id` bigint(20) DEFAULT '0' COMMENT '社团ID',
  `mass_name` varchar(255) DEFAULT NULL COMMENT '社团名称',
  `status` int(11) NOT NULL DEFAULT '1',
  PRIMARY KEY (`Id`)
) ENGINE=InnoDB AUTO_INCREMENT=30 DEFAULT CHARSET=utf8 COMMENT='财务申请表';

#
# Data for table "finance"
#

INSERT INTO `finance` VALUES (1,'2018-05-30 22:29:48','2018-05-30 22:29:48','社团风采晚会需要的物品',NULL,NULL,'2018-05-22 19:59:52',52.50,'报销',0,'全部社团',4),(2,'2018-05-30 22:32:38','2018-05-30 22:32:38','端午节活动采购',NULL,NULL,'2018-05-23 15:22:08',254.50,'报销',5,'心理协会',3),(3,'2018-05-30 22:32:38','2018-05-30 22:32:38','夏季运动会饮用水采购',NULL,NULL,'2018-05-23 15:34:55',1867.00,'报备',5,'心理协会',4),(4,'2018-05-30 22:32:38','2018-05-30 22:32:38','夏季运动会',NULL,NULL,'2018-05-23 15:41:54',4182.00,'报销',5,'心理协会',3),(5,'2018-05-30 22:32:38','2018-05-30 22:32:38','周末联谊采购',NULL,NULL,'2018-05-24 14:07:16',1084.00,'报备',5,'心理协会',4),(6,'2018-05-30 22:32:38','2018-05-30 22:32:38','周末联谊采购',NULL,NULL,'2018-05-24 14:08:55',1624.90,'报销',5,'心理协会',3),(7,'2018-05-30 22:32:38','2018-05-30 22:32:38','社团日常零星采购',NULL,NULL,'2018-05-24 14:11:43',429.70,'报销',5,'心理协会',3),(8,'2018-05-30 22:32:38','2018-05-30 22:32:38','社团装饰费用',NULL,NULL,'2018-05-24 14:13:35',352.60,'报销',5,'心理协会',3),(9,'2018-05-30 22:32:38','2018-05-30 22:32:38','日常零星补充',NULL,NULL,'2018-05-26 10:18:39',69.30,'报销',5,'心理协会',4),(10,'2018-05-30 22:32:38','2018-05-30 22:32:38','5.26采购',NULL,NULL,'2018-05-26 10:25:38',226.25,'报销',5,'心理协会',3),(11,'2018-05-30 22:30:31','2018-05-30 22:30:31','采购5.26',NULL,NULL,'2018-05-26 17:51:43',30.00,'报销',5,'心理协会',3),(12,'2018-05-28 09:44:10','2018-05-28 09:44:11','心理协会社团采购',NULL,NULL,'2018-05-27 15:51:05',4.00,'报销',5,'心理协会',3),(13,'2018-05-28 15:18:28','2018-05-28 15:18:28','医疗用品相关财务',NULL,NULL,'2018-05-28 15:18:28',40.00,'报销',1,'芭蕾社',1),(14,'2018-05-29 15:36:52','2018-05-29 15:36:52','心理协会第4次报销',NULL,NULL,'2018-05-29 15:36:52',2.00,'报销',5,'心理协会',1),(15,'2018-05-29 16:37:20','2018-05-29 16:37:20','采购529',NULL,NULL,'2018-05-29 16:37:20',2.00,'报销',5,'心理协会',1),(16,'2018-05-29 16:37:20','2018-05-29 16:37:20','采购529',NULL,NULL,'2018-05-29 16:37:20',2.00,'报销',5,'心理协会',1),(17,'2018-05-29 16:40:33','2018-05-29 16:40:33','财务529Aa',NULL,NULL,'2018-05-29 16:40:33',25.00,'报销',5,'心理协会',1),(18,'2018-05-29 17:29:35','2018-05-29 17:29:35','测试',NULL,NULL,'2018-05-29 17:29:36',492.00,'报备',5,'心理协会',4),(19,'2018-05-29 17:33:17','2018-05-29 17:33:17','心KTV',NULL,NULL,'2018-05-29 17:33:17',4680.00,'报备',5,'心理协会',4),(20,'2018-05-29 21:03:17','2018-05-29 21:03:17','测试角色问题',NULL,NULL,'2018-05-29 21:03:18',40.00,'报销',7,'民族舞',1),(21,'2018-06-18 22:55:10','2018-06-18 22:55:10','测试',NULL,NULL,'2018-05-30 17:08:26',3.00,'报销',0,'全部社团',3),(22,'2018-05-30 22:30:18','2018-05-30 22:30:18','测试',NULL,NULL,'2018-05-30 17:08:54',30.00,'报销',0,'全部社团',1),(23,'2018-05-30 17:23:19','2018-05-30 17:23:19','5.30',NULL,NULL,'2018-05-30 17:23:20',16.50,'报备',0,'全部社团',4),(24,'2018-05-30 17:24:05','2018-05-30 17:24:05','5.30',NULL,NULL,'2018-05-30 17:24:05',16.50,'报备',0,'全部社团',4),(25,'2018-05-30 17:26:29','2018-05-30 17:26:29','5.30财务AA',NULL,NULL,'2018-05-30 17:26:30',27.00,'报销',0,'全部社团',1),(26,'2018-05-30 17:26:43','2018-05-30 17:26:43','5.30财务AA',NULL,NULL,'2018-05-30 17:26:43',27.00,'报销',0,'全部社团',1),(27,'2018-05-30 17:27:26','2018-05-30 17:27:26','5.30财务AA',NULL,NULL,'2018-05-30 17:27:27',27.00,'报销',0,'全部社团',1),(28,'2018-05-31 11:55:00','2018-05-31 11:55:00','第一次5.31',NULL,NULL,'2018-05-31 11:50:00',45.50,'报销',18,'轮滑社',4),(29,'2018-05-31 13:35:59','2018-05-31 13:35:59','财务',NULL,NULL,'2018-05-31 13:35:59',4.40,'报备',18,'轮滑社',4);

#
# Structure for table "goods"
#

DROP TABLE IF EXISTS `goods`;
CREATE TABLE `goods` (
  `Id` bigint(20) NOT NULL AUTO_INCREMENT,
  `create_time` timestamp NOT NULL DEFAULT CURRENT_TIMESTAMP ON UPDATE CURRENT_TIMESTAMP,
  `last_modify_time` timestamp NOT NULL DEFAULT CURRENT_TIMESTAMP ON UPDATE CURRENT_TIMESTAMP,
  `mass_id` bigint(20) NOT NULL DEFAULT '0',
  `mass_name` varchar(255) DEFAULT '' COMMENT 's社团名称',
  `name` varchar(255) NOT NULL DEFAULT '' COMMENT '物资名称',
  `finance_id` bigint(20) DEFAULT '0' COMMENT '申请批次ID',
  `is_expense` int(11) DEFAULT '0' COMMENT '是否自费',
  `is_expendable` int(11) NOT NULL DEFAULT '0' COMMENT '是否一次性用品',
  `num` float(11,2) DEFAULT '1.00' COMMENT '数量',
  `price` float(11,2) DEFAULT '0.00' COMMENT '单价',
  `status` int(11) NOT NULL DEFAULT '0' COMMENT '状态',
  PRIMARY KEY (`Id`)
) ENGINE=InnoDB AUTO_INCREMENT=103 DEFAULT CHARSET=utf8 COMMENT='物资表';

#
# Data for table "goods"
#

INSERT INTO `goods` VALUES (1,'2018-05-23 15:16:14','2018-05-23 15:16:14',1,'全部社团','荧光棒',1,NULL,0,300.00,0.10,4),(2,'2018-05-23 15:16:14','2018-05-23 15:16:14',1,'全部社团','气球',1,NULL,0,100.00,0.10,4),(3,'2018-05-23 15:16:14','2018-05-23 15:16:14',1,'全部社团','电池',1,NULL,0,5.00,2.50,4),(4,'2018-05-23 20:32:01','2018-05-23 20:32:01',1,'心理协会','糯米',2,NULL,0,10.00,8.99,0),(5,'2018-05-23 20:32:01','2018-05-23 20:32:01',1,'心理协会','大枣',2,NULL,0,5.00,11.11,0),(6,'2018-05-23 20:32:01','2018-05-23 20:32:01',1,'心理协会','粽子叶',2,NULL,0,5.00,2.01,0),(7,'2018-05-23 20:32:01','2018-05-23 20:32:01',1,'心理协会','托盘',2,NULL,1,10.00,9.90,0),(8,'2018-05-23 15:34:54','2018-05-23 15:34:54',1,'心理协会','农夫山泉',3,NULL,0,20.00,35.90,4),(9,'2018-05-23 15:34:54','2018-05-23 15:34:54',1,'心理协会','冰红茶',3,NULL,1,10.00,59.90,4),(10,'2018-05-23 15:34:55','2018-05-23 15:34:55',1,'心理协会','脉动',3,NULL,1,10.00,55.00,4),(11,'2018-05-24 18:30:05','2018-05-24 18:30:06',1,'心理协会','方阵服装',4,NULL,0,60.00,49.90,3),(12,'2018-05-24 18:30:05','2018-05-24 18:30:06',1,'心理协会','拉拉队手花',4,NULL,0,120.00,9.90,3),(13,'2018-05-24 13:53:45','2018-05-24 13:53:45',1,'心理协会','糯米',2,NULL,0,10.00,8.99,0),(14,'2018-05-24 13:53:45','2018-05-24 13:53:45',1,'心理协会','大枣',2,NULL,1,5.00,11.11,0),(15,'2018-05-24 13:53:45','2018-05-24 13:53:45',1,'心理协会','粽子叶',2,NULL,1,5.00,2.01,0),(16,'2018-05-24 13:53:45','2018-05-24 13:53:45',1,'心理协会','托盘',2,NULL,1,10.00,9.90,0),(17,'2018-05-24 13:54:14','2018-05-24 13:54:14',1,'心理协会','糯米',2,NULL,0,10.00,8.99,0),(18,'2018-05-24 13:54:14','2018-05-24 13:54:14',1,'心理协会','大枣',2,NULL,1,5.00,11.11,0),(19,'2018-05-24 13:54:14','2018-05-24 13:54:14',1,'心理协会','粽子叶',2,NULL,1,5.00,2.01,0),(20,'2018-05-24 13:54:14','2018-05-24 13:54:14',1,'心理协会','托盘',2,NULL,1,10.00,9.90,0),(21,'2018-05-24 13:55:06','2018-05-24 13:55:06',1,'心理协会','糯米',2,NULL,0,10.00,8.99,0),(22,'2018-05-24 13:55:06','2018-05-24 13:55:06',1,'心理协会','大枣',2,NULL,1,5.00,11.11,0),(23,'2018-05-24 13:55:06','2018-05-24 13:55:06',1,'心理协会','粽子叶',2,NULL,1,5.00,2.01,0),(24,'2018-05-24 13:55:06','2018-05-24 13:55:06',1,'心理协会','托盘',2,NULL,1,10.00,9.90,0),(25,'2018-05-24 13:55:17','2018-05-24 13:55:17',1,'心理协会','糯米',2,NULL,0,10.00,8.99,3),(26,'2018-05-24 13:55:17','2018-05-24 13:55:17',1,'心理协会','大枣',2,NULL,1,5.00,11.11,3),(27,'2018-05-24 13:55:17','2018-05-24 13:55:17',1,'心理协会','粽子叶',2,NULL,1,5.00,2.01,3),(28,'2018-05-24 13:55:17','2018-05-24 13:55:17',1,'心理协会','托盘',2,NULL,1,10.00,9.90,3),(29,'2018-05-24 14:07:16','2018-05-24 14:07:16',1,'心理协会','饮料',5,NULL,0,20.00,19.90,4),(30,'2018-05-24 14:07:16','2018-05-24 14:07:16',1,'心理协会','零食',5,NULL,0,40.00,9.90,4),(31,'2018-05-24 14:07:16','2018-05-24 14:07:16',1,'心理协会','支架',5,NULL,1,4.00,25.50,4),(32,'2018-05-24 14:07:16','2018-05-24 14:07:16',1,'心理协会','休息毯',5,NULL,1,10.00,18.80,4),(33,'2018-05-26 10:14:56','2018-05-26 10:14:56',1,'心理协会','相机',6,NULL,1,1.00,999.90,0),(34,'2018-05-26 10:14:56','2018-05-26 10:14:56',1,'心理协会','旗帜',6,NULL,1,2.00,14.00,0),(35,'2018-05-26 10:14:56','2018-05-26 10:14:56',1,'心理协会','伞',6,NULL,1,30.00,19.90,0),(36,'2018-05-27 14:55:51','2018-05-27 14:55:51',1,'心理协会','中性笔',7,NULL,1,10.00,16.60,3),(37,'2018-05-27 14:55:51','2018-05-27 14:55:51',1,'心理协会','白板笔',7,NULL,1,5.00,14.40,3),(38,'2018-05-27 14:55:51','2018-05-27 14:55:51',1,'心理协会','笔记本',7,NULL,0,20.00,6.60,3),(39,'2018-05-27 14:55:51','2018-05-27 14:55:51',1,'心理协会','便利贴',7,NULL,0,3.00,19.90,3),(40,'2018-05-26 16:57:35','2018-05-26 16:57:35',1,'心理协会','墙纸',8,NULL,0,4.00,39.90,0),(41,'2018-05-26 16:57:35','2018-05-26 16:57:35',1,'心理协会','装饰花',8,NULL,1,10.00,9.90,0),(42,'2018-05-26 16:57:35','2018-05-26 16:57:35',1,'心理协会','彩灯',8,NULL,1,5.00,18.80,0),(43,'2018-05-27 14:56:29','2018-05-27 14:56:29',1,'心理协会','相机',6,NULL,1,1.00,999.90,0),(44,'2018-05-27 14:56:29','2018-05-27 14:56:29',1,'心理协会','旗帜',6,NULL,1,2.00,14.00,0),(45,'2018-05-27 14:56:29','2018-05-27 14:56:29',1,'心理协会','太阳伞',6,NULL,1,30.00,19.90,0),(46,'2018-05-26 10:19:37','2018-05-26 10:19:38',1,'心理协会','中性笔',9,NULL,0,5.00,9.90,4),(47,'2018-05-26 10:19:37','2018-05-26 10:19:38',1,'心理协会','白板擦',9,NULL,1,2.00,9.90,4),(48,'2018-05-26 10:26:35','2018-05-26 10:26:35',1,'心理协会','矿泉水',10,NULL,0,5.00,19.90,0),(49,'2018-05-26 10:26:35','2018-05-26 10:26:35',1,'心理协会','笔记本',10,NULL,1,20.00,5.00,0),(50,'2018-05-26 10:26:35','2018-05-26 10:26:35',1,'心理协会','垃圾袋',10,NULL,1,5.00,3.00,0),(51,'2018-05-26 10:27:22','2018-05-26 10:27:22',1,'心理协会','矿泉水',10,NULL,0,5.00,19.90,0),(52,'2018-05-26 10:27:22','2018-05-26 10:27:22',1,'心理协会','笔记本',10,NULL,1,20.00,5.50,0),(53,'2018-05-26 10:27:22','2018-05-26 10:27:22',1,'心理协会','垃圾袋',10,NULL,1,5.00,3.30,0),(54,'2018-05-27 14:56:51','2018-05-27 14:56:51',1,'心理协会','矿泉水',10,NULL,0,5.00,19.90,0),(55,'2018-05-27 14:56:51','2018-05-27 14:56:51',1,'心理协会','笔记本',10,NULL,1,20.00,5.50,0),(56,'2018-05-27 14:56:51','2018-05-27 14:56:51',1,'心理协会','垃圾袋',10,NULL,1,5.00,3.35,0),(57,'2018-05-26 16:58:03','2018-05-26 16:58:03',1,'心理协会','墙纸',8,NULL,0,4.00,39.90,0),(58,'2018-05-26 16:58:03','2018-05-26 16:58:03',1,'心理协会','装饰花',8,NULL,1,10.00,9.90,0),(59,'2018-05-26 16:58:03','2018-05-26 16:58:03',1,'心理协会','彩灯',8,NULL,1,5.00,18.80,0),(60,'2018-05-26 16:59:40','2018-05-26 16:59:40',1,'心理协会','墙纸',8,NULL,0,4.00,39.90,0),(61,'2018-05-26 16:59:40','2018-05-26 16:59:40',1,'心理协会','装饰花',8,NULL,1,10.00,9.90,0),(62,'2018-05-26 16:59:40','2018-05-26 16:59:40',1,'心理协会','彩灯',8,NULL,1,5.00,18.80,0),(63,'2018-05-26 17:00:06','2018-05-26 17:00:06',1,'心理协会','墙纸',8,NULL,0,4.00,39.90,0),(64,'2018-05-26 17:00:06','2018-05-26 17:00:06',1,'心理协会','装饰花',8,NULL,1,10.00,9.90,0),(65,'2018-05-26 17:00:06','2018-05-26 17:00:06',1,'心理协会','彩灯',8,NULL,1,5.00,18.80,0),(66,'2018-05-27 12:39:22','2018-05-27 12:39:22',1,'心理协会','墙纸',8,NULL,0,4.00,39.90,3),(67,'2018-05-27 12:39:22','2018-05-27 12:39:22',1,'心理协会','装饰花',8,NULL,1,10.00,9.90,3),(68,'2018-05-27 12:39:22','2018-05-27 12:39:22',1,'心理协会','彩灯',8,NULL,1,5.00,18.80,3),(69,'2018-05-26 17:52:43','2018-05-26 17:52:43',1,'心理协会','',11,NULL,1,0.01,0.01,0),(70,'2018-05-27 12:39:26','2018-05-27 12:39:27',1,'心理协会','宣传条幅',11,NULL,1,2.00,15.00,3),(71,'2018-05-27 14:57:40','2018-05-27 14:57:41',1,'心理协会','相机',6,NULL,1,1.00,999.90,3),(72,'2018-05-27 14:57:40','2018-05-27 14:57:41',1,'心理协会','旗帜',6,NULL,1,2.00,14.00,3),(73,'2018-05-27 14:57:40','2018-05-27 14:57:41',1,'心理协会','太阳伞',6,NULL,1,30.00,19.90,3),(74,'2018-05-27 14:57:06','2018-05-27 14:57:07',1,'心理协会','矿泉水',10,NULL,0,5.00,19.90,3),(75,'2018-05-27 14:57:06','2018-05-27 14:57:07',1,'心理协会','笔记本',10,NULL,1,20.00,5.50,3),(76,'2018-05-27 14:57:06','2018-05-27 14:57:07',1,'心理协会','垃圾袋',10,NULL,1,5.00,3.35,3),(77,'2018-05-28 09:44:10','2018-05-28 09:44:11',5,'心理协会','数据',12,NULL,1,2.00,2.00,3),(78,'2018-05-28 15:18:28','2018-05-28 15:18:28',1,'芭蕾社','创可贴',13,NULL,0,100.00,0.10,1),(79,'2018-05-28 15:18:28','2018-05-28 15:18:28',1,'芭蕾社','云南白药气雾剂',13,NULL,1,1.00,20.00,1),(80,'2018-05-28 15:18:28','2018-05-28 15:18:28',1,'芭蕾社','绷带',13,NULL,0,5.00,2.00,1),(81,'2018-05-29 15:36:52','2018-05-29 15:36:52',5,'心理协会','物资1',14,NULL,1,1.00,2.00,1),(82,'2018-05-29 16:37:20','2018-05-29 16:37:20',5,'心理协会','铅笔',15,NULL,1,1.00,2.00,1),(83,'2018-05-29 16:37:20','2018-05-29 16:37:20',5,'心理协会','铅笔',16,NULL,1,1.00,2.00,1),(84,'2018-05-29 16:40:33','2018-05-29 16:40:33',5,'心理协会','中性笔',17,NULL,1,5.00,5.00,1),(85,'2018-05-29 17:29:35','2018-05-29 17:29:35',5,'心理协会','和你之间',18,NULL,1,4.00,123.00,4),(86,'2018-05-29 17:33:17','2018-05-29 17:33:17',5,'心理协会','455',19,NULL,1,1.00,4584.00,4),(87,'2018-05-29 17:33:17','2018-05-29 17:33:17',5,'心理协会','27448',19,NULL,1,2.00,48.00,4),(88,'2018-05-29 21:03:17','2018-05-29 21:03:17',7,'民族舞','测试',20,NULL,1,2.00,20.00,1),(89,'2018-06-18 22:55:10','2018-06-18 22:55:10',1,'全部社团','111',21,NULL,1,1.00,3.00,3),(90,'2018-05-30 17:08:54','2018-05-30 17:08:54',1,'全部社团','1111',22,NULL,1,5.00,6.00,1),(91,'2018-05-30 17:23:19','2018-05-30 17:23:19',0,'全部社团','香蕉',23,NULL,1,3.00,5.50,4),(92,'2018-05-30 17:24:05','2018-05-30 17:24:05',0,'全部社团','香蕉',24,NULL,1,3.00,5.50,4),(93,'2018-05-30 17:26:29','2018-05-30 17:26:29',0,'全部社团','苹果',25,NULL,1,3.00,5.50,1),(94,'2018-05-30 17:26:29','2018-05-30 17:26:29',0,'全部社团','香蕉',25,NULL,1,3.00,3.50,1),(95,'2018-05-30 17:26:43','2018-05-30 17:26:43',0,'全部社团','苹果',26,NULL,1,3.00,5.50,1),(96,'2018-05-30 17:26:43','2018-05-30 17:26:43',0,'全部社团','香蕉',26,NULL,1,3.00,3.50,1),(97,'2018-05-30 17:27:26','2018-05-30 17:27:26',0,'全部社团','苹果',27,NULL,1,3.00,5.50,1),(98,'2018-05-30 17:27:26','2018-05-30 17:27:26',0,'全部社团','香蕉',27,NULL,1,3.00,3.50,1),(99,'2018-05-31 11:55:00','2018-05-31 11:55:00',18,'轮滑社','香蕉',28,NULL,1,4.00,3.50,4),(100,'2018-05-31 11:55:00','2018-05-31 11:55:00',18,'轮滑社','苹果',28,NULL,2,3.00,5.00,4),(101,'2018-05-31 11:55:00','2018-05-31 11:55:00',18,'轮滑社','梨',28,NULL,1,3.00,5.50,4),(102,'2018-05-31 13:35:59','2018-05-31 13:35:59',18,'轮滑社','财务',29,NULL,1,2.00,2.20,4);

#
# Structure for table "notice"
#

DROP TABLE IF EXISTS `notice`;
CREATE TABLE `notice` (
  `Id` bigint(20) NOT NULL AUTO_INCREMENT,
  `create_time` timestamp NULL DEFAULT CURRENT_TIMESTAMP ON UPDATE CURRENT_TIMESTAMP COMMENT '创建时间',
  `last_modify_time` timestamp NULL DEFAULT CURRENT_TIMESTAMP ON UPDATE CURRENT_TIMESTAMP COMMENT '最后更新时间',
  `name` varchar(255) DEFAULT '' COMMENT '通知名称',
  `ranges` varchar(255) DEFAULT '' COMMENT '通知范围',
  `sno` varchar(255) DEFAULT NULL,
  `user_name` varchar(255) DEFAULT NULL,
  `start_time` datetime NOT NULL DEFAULT '2000-01-01 12:00:00' COMMENT '开始时间',
  `end_time` datetime DEFAULT '2000-01-01 12:00:00' COMMENT '结束时间',
  `is_cove_son` int(11) DEFAULT '0' COMMENT '是否包含子组织',
  `description` varchar(255) DEFAULT '' COMMENT '摘要',
  `activities_id` bigint(20) DEFAULT '0' COMMENT '活动ID',
  `status` int(1) NOT NULL DEFAULT '0',
  PRIMARY KEY (`Id`)
) ENGINE=InnoDB AUTO_INCREMENT=23 DEFAULT CHARSET=utf8 COMMENT='通知';

#
# Data for table "notice"
#

INSERT INTO `notice` VALUES (1,'2018-05-22 21:16:14','2018-05-22 21:16:14','拔河比赛推迟3天','羽毛球社,篮球社','201470024220','贾慧强','2018-05-22 20:45:00','2018-05-22 20:45:00',0,NULL,NULL,3),(2,'2018-06-25 00:00:51','2018-06-25 00:00:51','端午节包粽子比赛','心理协会,健美操协会','201470024220','贾慧强','2018-05-23 00:00:00','2018-06-25 00:00:00',NULL,NULL,NULL,3),(3,'2018-06-25 00:00:51','2018-06-25 00:00:51','端午节粽子','爱心协会,心理协会,健美操协会','201470024220','贾慧强','2018-05-21 00:00:00','2018-06-25 00:00:00',NULL,NULL,NULL,3),(4,'2018-06-23 22:38:32','2018-06-23 22:38:32','心理协会野外聚餐','心理协会','201470024220','贾慧强','2018-05-23 14:38:00','2018-06-23 22:38:00',0,NULL,NULL,3),(5,'2018-05-24 09:26:13','2018-05-24 09:26:13','运动会彩排通知','读书协会,篮球社,电竞社,爱心协会,民族舞,心理协会,健美操协会,佛经研究协会,书法协会,乒乓球社','201470024220','贾慧强','2018-05-23 00:00:00','2018-06-29 00:00:00',NULL,NULL,NULL,2),(6,'2018-05-24 09:30:13','2018-05-24 09:30:13','周末端午节采购通知','心理协会','201470024220','贾慧强','2018-05-23 00:00:00','2018-06-29 00:00:00',NULL,NULL,NULL,2),(7,'2018-05-31 00:00:45','2018-05-31 00:00:45','轮滑表演','心理协会','201470024220','贾慧强','2018-05-23 00:00:00','2018-05-31 00:00:00',NULL,NULL,NULL,3),(8,'2018-05-28 00:00:08','2018-05-28 00:00:08','例会5.26A','心理协会','201470024220','贾慧强','2018-05-26 00:00:00','2018-05-28 00:00:00',NULL,NULL,NULL,3),(9,'2018-05-27 00:00:05','2018-05-27 00:00:05','例会5.26 B','心理协会','201470024220','贾慧强','2018-05-26 00:00:00','2018-05-27 00:00:00',NULL,NULL,NULL,3),(10,'2018-05-27 00:00:05','2018-05-27 00:00:05','社团例会时间更改','心理协会','201470024220','贾慧强','2018-05-26 00:00:00','2018-05-27 00:00:00',NULL,NULL,NULL,3),(11,'2018-05-29 00:00:11','2018-05-29 00:00:11','会议时间更改','','201470024220','贾慧强','2018-05-26 20:56:53','2018-05-29 00:00:00',NULL,NULL,NULL,3),(12,'2018-05-29 15:05:22','2018-05-29 15:05:22','5.26例会','心理协会','201470024220','贾慧强','2018-05-27 15:05:00','2018-05-29 15:05:00',0,NULL,NULL,3),(13,'2018-05-30 13:17:38','2018-05-30 13:17:38','5.20例会','心理协会','201470024220','贾慧强','2018-05-28 13:17:00','2018-05-30 13:17:00',0,NULL,NULL,3),(14,'2018-05-30 13:19:38','2018-05-30 13:19:38','5.28例会','心理协会','201470024220','贾慧强','2018-05-28 13:19:00','2018-05-30 13:19:00',0,NULL,NULL,3),(15,'2018-05-31 13:20:02','2018-05-31 13:20:02','5.28通知A','心理','201470024220','贾慧强','2018-05-28 13:20:00','2018-05-31 13:20:00',0,NULL,NULL,3),(16,'2018-05-29 23:42:27','2018-05-29 23:42:27','5.29开会','健美操协会','201470024220','贾慧强','2018-05-29 09:42:00','2018-05-29 23:42:00',0,NULL,NULL,3),(17,'2018-05-29 23:51:28','2018-05-29 23:51:28','5.29例会','足球社,心理协会,健美操协会','201470024220','贾慧强','2018-05-29 09:51:00','2018-05-29 23:51:00',1,NULL,NULL,3),(18,'2018-05-29 23:10:27','2018-05-29 23:10:27','5.29开会A','心理协会','201470024220','贾慧强','2018-05-29 10:10:00','2018-05-29 23:10:00',0,NULL,NULL,3),(19,'2018-05-29 23:49:28','2018-05-29 23:49:28','通知5.29PPP','心理协会','201470024220','贾慧强','2018-05-29 17:49:00','2018-05-29 23:49:00',0,NULL,NULL,3),(20,'2018-05-30 00:00:28','2018-05-30 00:00:28','5.29通知BBBBB','心理协会','201470024220','贾慧强','2018-05-29 18:13:34','2018-05-30 00:00:00',NULL,NULL,NULL,3),(21,'2018-05-29 23:08:27','2018-05-29 23:08:27','通知5.29yyy','心理协会','201470024220','贾慧强','2018-05-29 22:08:00','2018-05-29 23:08:00',NULL,NULL,NULL,3),(22,'2018-05-31 23:47:07','2018-05-31 23:47:07','通知5.31','轮滑社','201470034106','李向','2018-05-31 10:46:00','2018-05-31 23:47:00',NULL,NULL,NULL,3);

#
# Structure for table "notice_doc"
#

DROP TABLE IF EXISTS `notice_doc`;
CREATE TABLE `notice_doc` (
  `Id` bigint(20) NOT NULL AUTO_INCREMENT,
  `create_time` timestamp NULL DEFAULT CURRENT_TIMESTAMP ON UPDATE CURRENT_TIMESTAMP,
  `last_modify_time` timestamp NULL DEFAULT CURRENT_TIMESTAMP ON UPDATE CURRENT_TIMESTAMP COMMENT '最后修改时间',
  `notice_id` bigint(20) DEFAULT '0' COMMENT '通知ID',
  `thetext` text COMMENT '正文',
  `status` int(11) DEFAULT '0',
  PRIMARY KEY (`Id`),
  UNIQUE KEY `noticeId` (`notice_id`) USING BTREE
) ENGINE=InnoDB AUTO_INCREMENT=23 DEFAULT CHARSET=utf8 COMMENT='通知文档';

#
# Data for table "notice_doc"
#

INSERT INTO `notice_doc` VALUES (1,'2018-05-22 20:46:20','2018-05-22 20:46:20',1,'由于天气的原因，拔河比赛推迟三天！',1),(2,'2018-05-22 20:47:21','2018-05-22 20:47:21',2,'端午节，为每年农历五月初五。据《荆楚岁时记》记载，因仲夏登高，顺阳在上，五月是仲夏，它的第一个午日正是登高顺阳好天气之日，故五月初五亦称为“端阳节”。此外端午节还称“午日节、五月节、龙舟节、浴兰节、诗人节”等。端午节是流行于中国以及汉字文化圈诸国的传统文化节日。 ',1),(3,'2018-05-22 20:48:47','2018-05-22 20:48:47',3,'端午节，为每年农历五月初五。据《荆楚岁时记》记载，因仲夏登高，顺阳在上，五月是仲夏，它的第一个午日正是登高顺阳好天气之日，故五月初五亦称为“端阳节”。此外端午节还称“午日节、五月节、龙舟节、浴兰节、诗人节”等。端午节是流行于中国以及汉字文化圈诸国的传统文化节日。 ',1),(4,'2018-05-23 14:39:02','2018-05-23 14:39:02',4,'定于30号之前进行一次野外聚餐',1),(5,'2018-05-24 09:26:05','2018-05-24 09:26:05',5,'为了顺利举行夏季运动，定于5月28日下午2:00进行运动会方阵彩排。要求所有人员到场。',1),(6,'2018-05-24 09:29:42','2018-05-24 09:29:42',6,'为了端午节包粽子比赛顺利举行，请各位利用周时间自行组织采购所需端午节所需物品，请务必前一周采购完毕。',1),(7,'2018-05-24 14:31:49','2018-05-24 14:31:49',7,'本周每天晚8点，学校篮球场有轮滑社的精彩轮滑表演。欢迎大家前去观赏，放松心情。',1),(8,'2018-05-26 17:24:04','2018-05-26 17:24:04',8,'请各位到心理协会活动教室进行例会',1),(9,'2018-05-26 17:26:09','2018-05-26 17:26:09',9,'请各位成员到活动教室参加例会',1),(10,'2018-05-26 20:10:09','2018-05-26 20:10:09',10,'例会时间更改，请相互通知',1),(11,'2018-05-26 20:57:30','2018-05-26 20:57:30',11,'时间更改，请互相通知',1),(12,'2018-05-27 15:07:01','2018-05-27 15:07:01',12,'请各位准时参加会议！！！',1),(13,'2018-05-28 13:17:56','2018-05-28 13:17:56',13,'请各位按时开会',1),(14,'2018-05-28 13:19:33','2018-05-28 13:19:33',14,'请各位按时开会',1),(15,'2018-05-28 13:20:44','2018-05-28 13:20:44',15,'开会啦！！！！',1),(16,'2018-05-29 09:43:26','2018-05-29 09:43:26',16,'中午12:00多功能厅开会',1),(17,'2018-05-29 09:51:34','2018-05-29 09:51:34',17,'请一下成员到多功能厅开会',1),(18,'2018-05-29 10:10:37','2018-05-29 10:10:37',18,'请各位准时到多功能厅开会！',1),(19,'2018-05-29 17:49:48','2018-05-29 17:49:48',19,'请大家准时开会',1),(20,'2018-05-29 18:13:59','2018-05-29 18:13:59',20,'开会开会',1),(21,'2018-05-29 21:08:21','2018-05-29 21:08:21',21,'请各位准时到教室开会',1),(22,'2018-05-31 11:47:07','2018-05-31 11:47:07',22,'通知正文',1);

#
# Structure for table "notice_mass"
#

DROP TABLE IF EXISTS `notice_mass`;
CREATE TABLE `notice_mass` (
  `id` bigint(20) NOT NULL AUTO_INCREMENT,
  `create_time` timestamp NULL DEFAULT CURRENT_TIMESTAMP ON UPDATE CURRENT_TIMESTAMP,
  `last_modify_time` timestamp NULL DEFAULT CURRENT_TIMESTAMP ON UPDATE CURRENT_TIMESTAMP,
  `notice_id` bigint(20) NOT NULL DEFAULT '0' COMMENT '通知ID',
  `mass_id` bigint(20) NOT NULL DEFAULT '0' COMMENT '社团ID',
  PRIMARY KEY (`id`)
) ENGINE=InnoDB AUTO_INCREMENT=37 DEFAULT CHARSET=utf8 COMMENT='通知范围列表';

#
# Data for table "notice_mass"
#

INSERT INTO `notice_mass` VALUES (1,'2018-05-22 20:46:20','2018-05-22 20:46:20',1,1),(2,'2018-05-22 20:46:20','2018-05-22 20:46:20',1,1),(3,'2018-05-22 20:47:21','2018-05-22 20:47:21',2,1),(4,'2018-05-22 20:47:21','2018-05-22 20:47:21',2,1),(5,'2018-05-22 20:48:47','2018-05-22 20:48:47',3,1),(6,'2018-05-22 20:48:47','2018-05-22 20:48:47',3,1),(7,'2018-05-22 20:48:47','2018-05-22 20:48:47',3,1),(8,'2018-05-23 14:39:02','2018-05-23 14:39:02',4,1),(9,'2018-05-24 09:26:05','2018-05-24 09:26:05',5,1),(10,'2018-05-24 09:26:05','2018-05-24 09:26:05',5,1),(11,'2018-05-24 09:26:05','2018-05-24 09:26:05',5,1),(12,'2018-05-24 09:26:05','2018-05-24 09:26:05',5,1),(13,'2018-05-24 09:26:05','2018-05-24 09:26:05',5,1),(14,'2018-05-24 09:26:05','2018-05-24 09:26:05',5,1),(15,'2018-05-24 09:26:05','2018-05-24 09:26:05',5,1),(16,'2018-05-24 09:26:05','2018-05-24 09:26:05',5,1),(17,'2018-05-24 09:26:05','2018-05-24 09:26:05',5,1),(18,'2018-05-24 09:26:05','2018-05-24 09:26:05',5,1),(19,'2018-05-24 09:29:42','2018-05-24 09:29:42',6,1),(20,'2018-05-24 14:31:49','2018-05-24 14:31:49',7,1),(21,'2018-05-26 17:24:04','2018-05-26 17:24:04',8,1),(22,'2018-05-26 17:26:09','2018-05-26 17:26:09',9,1),(23,'2018-05-26 20:10:09','2018-05-26 20:10:09',10,1),(24,'2018-05-27 15:07:01','2018-05-27 15:07:01',12,1),(25,'2018-05-28 13:17:56','2018-05-28 13:17:56',13,1),(26,'2018-05-28 13:19:33','2018-05-28 13:19:33',14,1),(27,'2018-05-28 13:20:44','2018-05-28 13:20:44',15,1),(28,'2018-05-29 09:43:26','2018-05-29 09:43:26',16,1),(29,'2018-05-29 09:51:34','2018-05-29 09:51:34',17,1),(30,'2018-05-29 09:51:34','2018-05-29 09:51:34',17,1),(31,'2018-05-29 09:51:34','2018-05-29 09:51:34',17,1),(32,'2018-05-29 10:10:37','2018-05-29 10:10:37',18,1),(33,'2018-05-29 17:49:48','2018-05-29 17:49:48',19,1),(34,'2018-05-29 18:13:59','2018-05-29 18:13:59',20,1),(35,'2018-05-29 21:08:21','2018-05-29 21:08:21',21,1),(36,'2018-05-31 11:47:07','2018-05-31 11:47:07',22,1);

#
# Structure for table "notice_users"
#

DROP TABLE IF EXISTS `notice_users`;
CREATE TABLE `notice_users` (
  `Id` bigint(20) NOT NULL AUTO_INCREMENT,
  `create_time` timestamp NOT NULL DEFAULT CURRENT_TIMESTAMP ON UPDATE CURRENT_TIMESTAMP,
  `last_modify_time` timestamp NOT NULL DEFAULT CURRENT_TIMESTAMP ON UPDATE CURRENT_TIMESTAMP COMMENT '最后更新时间',
  `sno` varchar(255) NOT NULL DEFAULT '' COMMENT '学号',
  `start_time` datetime NOT NULL DEFAULT '2000-01-01 12:00:00',
  `end_time` datetime NOT NULL DEFAULT '2000-01-01 12:00:00' COMMENT '结束时间',
  `read_time` datetime DEFAULT '2000-01-01 12:00:00' COMMENT '阅读时间',
  `read_status` int(11) DEFAULT '0' COMMENT '是否阅读',
  `status` int(11) NOT NULL DEFAULT '0',
  `notice_id` bigint(20) NOT NULL,
  `username` varchar(255) NOT NULL,
  PRIMARY KEY (`Id`),
  UNIQUE KEY `notice_sno` (`sno`,`notice_id`) USING BTREE
) ENGINE=InnoDB AUTO_INCREMENT=90 DEFAULT CHARSET=utf8 COMMENT='通知用户';

#
# Data for table "notice_users"
#

INSERT INTO `notice_users` VALUES (1,'2018-05-23 14:41:15','2018-05-23 14:41:15','201619240119','2018-05-23 14:38:00','2018-06-23 14:38:00',NULL,0,1,4,'雒晓辉'),(2,'2018-05-23 14:41:15','2018-05-23 14:41:15','201719164403','2018-05-23 14:38:00','2018-06-23 14:38:00',NULL,0,1,4,'王甜甜'),(3,'2018-05-29 18:14:24','2018-05-29 18:14:24','201470024220','2018-05-23 14:38:00','2018-06-23 22:38:00','2018-05-29 18:14:24',1,2,4,'贾慧强'),(4,'2018-05-26 20:27:39','2018-05-26 20:27:39','201470024220','2018-05-23 00:00:00','2018-06-29 00:00:00','2018-05-26 20:27:39',1,2,5,'贾慧强'),(5,'2018-05-26 13:55:20','2018-05-26 13:55:20','201470024220','2018-05-23 00:00:00','2018-06-29 00:00:00','2018-05-26 13:55:20',1,2,6,'贾慧强'),(6,'2018-05-25 21:12:38','2018-05-25 21:12:38','201470024220','2018-05-23 00:00:00','2018-05-31 00:00:00','2018-05-25 21:12:38',1,2,7,'贾慧强'),(7,'2018-05-24 14:32:28','2018-05-24 14:32:28','201719212434','2018-05-23 00:00:00','2018-05-31 00:00:00',NULL,0,1,7,'毛思源'),(8,'2018-05-26 17:49:01','2018-05-26 17:49:01','201307104106','2018-05-26 00:00:00','2018-05-28 00:00:00',NULL,0,1,8,'范虎子'),(9,'2018-05-26 20:10:43','2018-05-26 20:10:43','201470024220','2018-05-26 00:00:00','2018-05-28 00:00:00','2018-05-26 20:10:43',1,2,8,'贾慧强'),(10,'2018-05-26 17:49:01','2018-05-26 17:49:01','201470034106','2018-05-26 00:00:00','2018-05-28 00:00:00',NULL,0,1,8,'李向'),(11,'2018-05-26 17:49:01','2018-05-26 17:49:01','201470044226','2018-05-26 00:00:00','2018-05-28 00:00:00',NULL,0,1,8,'李亮亮'),(12,'2018-05-26 17:49:01','2018-05-26 17:49:01','201619160415','2018-05-26 00:00:00','2018-05-28 00:00:00',NULL,0,1,8,'李通'),(13,'2018-05-26 17:49:01','2018-05-26 17:49:01','201619240119','2018-05-26 00:00:00','2018-05-28 00:00:00',NULL,0,1,8,'雒晓辉'),(14,'2018-05-26 17:49:01','2018-05-26 17:49:01','201719212434','2018-05-26 00:00:00','2018-05-28 00:00:00',NULL,0,1,8,'毛思源'),(15,'2018-05-26 17:50:01','2018-05-26 17:50:01','201307104106','2018-05-26 00:00:00','2018-05-27 00:00:00',NULL,0,1,9,'范虎子'),(16,'2018-05-26 20:20:07','2018-05-26 20:20:07','201470024220','2018-05-26 00:00:00','2018-05-27 00:00:00','2018-05-26 20:20:07',1,2,9,'贾慧强'),(17,'2018-05-26 17:50:01','2018-05-26 17:50:01','201470034106','2018-05-26 00:00:00','2018-05-27 00:00:00',NULL,0,1,9,'李向'),(18,'2018-05-26 17:50:01','2018-05-26 17:50:01','201470044226','2018-05-26 00:00:00','2018-05-27 00:00:00',NULL,0,1,9,'李亮亮'),(19,'2018-05-26 17:50:01','2018-05-26 17:50:01','201619160415','2018-05-26 00:00:00','2018-05-27 00:00:00',NULL,0,1,9,'李通'),(20,'2018-05-26 17:50:01','2018-05-26 17:50:01','201619240119','2018-05-26 00:00:00','2018-05-27 00:00:00',NULL,0,1,9,'雒晓辉'),(21,'2018-05-26 17:50:01','2018-05-26 17:50:01','201719212434','2018-05-26 00:00:00','2018-05-27 00:00:00',NULL,0,1,9,'毛思源'),(22,'2018-05-26 20:11:02','2018-05-26 20:11:02','201307104106','2018-05-26 00:00:00','2018-05-27 00:00:00',NULL,0,1,10,'范虎子'),(23,'2018-05-26 21:35:01','2018-05-26 21:35:01','201470024220','2018-05-26 00:00:00','2018-05-27 00:00:00','2018-05-26 21:35:01',1,2,10,'贾慧强'),(24,'2018-05-26 20:24:31','2018-05-26 20:24:31','201470034106','2018-05-26 00:00:00','2018-05-27 00:00:00','2018-05-26 20:24:31',1,2,10,'李向'),(25,'2018-05-26 20:11:02','2018-05-26 20:11:02','201470044226','2018-05-26 00:00:00','2018-05-27 00:00:00',NULL,0,1,10,'李亮亮'),(26,'2018-05-26 20:11:02','2018-05-26 20:11:02','201619160415','2018-05-26 00:00:00','2018-05-27 00:00:00',NULL,0,1,10,'李通'),(27,'2018-05-26 20:11:02','2018-05-26 20:11:02','201619240119','2018-05-26 00:00:00','2018-05-27 00:00:00',NULL,0,1,10,'雒晓辉'),(28,'2018-05-26 20:11:02','2018-05-26 20:11:02','201719212434','2018-05-26 00:00:00','2018-05-27 00:00:00',NULL,0,1,10,'毛思源'),(29,'2018-05-27 15:07:59','2018-05-27 15:07:59','201307104106','2018-05-27 15:05:00','2018-05-29 15:05:00',NULL,0,1,12,'范虎子'),(30,'2018-05-27 15:07:59','2018-05-27 15:07:59','201470024220','2018-05-27 15:05:00','2018-05-29 15:05:00',NULL,0,1,12,'贾慧强'),(31,'2018-05-28 13:54:09','2018-05-28 13:54:09','201470034106','2018-05-27 15:05:00','2018-05-29 15:05:00','2018-05-28 13:54:09',1,2,12,'李向'),(32,'2018-05-27 16:38:31','2018-05-27 16:38:31','201470044226','2018-05-27 15:05:00','2018-05-29 15:05:00','2018-05-27 16:38:31',1,2,12,'李亮亮'),(33,'2018-05-27 15:07:59','2018-05-27 15:07:59','201619160415','2018-05-27 15:05:00','2018-05-29 15:05:00',NULL,0,1,12,'李通'),(34,'2018-05-27 15:07:59','2018-05-27 15:07:59','201619240119','2018-05-27 15:05:00','2018-05-29 15:05:00',NULL,0,1,12,'雒晓辉'),(35,'2018-05-27 15:07:59','2018-05-27 15:07:59','201719164403','2018-05-27 15:05:00','2018-05-29 15:05:00',NULL,0,1,12,'王甜甜'),(36,'2018-05-27 15:07:59','2018-05-27 15:07:59','201719212434','2018-05-27 15:05:00','2018-05-29 15:05:00',NULL,0,1,12,'毛思源'),(37,'2018-05-28 13:18:53','2018-05-28 13:18:53','201307104106','2018-05-28 13:17:00','2018-05-30 13:17:00',NULL,0,1,13,'范虎子'),(38,'2018-05-28 13:18:53','2018-05-28 13:18:53','201470024220','2018-05-28 13:17:00','2018-05-30 13:17:00',NULL,0,1,13,'贾慧强'),(39,'2018-05-28 13:18:53','2018-05-28 13:18:53','201470034106','2018-05-28 13:17:00','2018-05-30 13:17:00',NULL,0,1,13,'李向'),(40,'2018-05-29 14:17:23','2018-05-29 14:17:23','201470044226','2018-05-28 13:17:00','2018-05-30 13:17:00','2018-05-29 14:17:23',1,2,13,'李亮亮'),(41,'2018-05-28 13:18:53','2018-05-28 13:18:53','201619240119','2018-05-28 13:17:00','2018-05-30 13:17:00',NULL,0,1,13,'雒晓辉'),(42,'2018-05-28 13:18:53','2018-05-28 13:18:53','201719164403','2018-05-28 13:17:00','2018-05-30 13:17:00',NULL,0,1,13,'王甜甜'),(43,'2018-05-28 13:18:53','2018-05-28 13:18:53','201719212434','2018-05-28 13:17:00','2018-05-30 13:17:00',NULL,0,1,13,'毛思源'),(44,'2018-05-28 13:19:53','2018-05-28 13:19:53','201307104106','2018-05-28 13:19:00','2018-05-30 13:19:00',NULL,0,1,14,'范虎子'),(45,'2018-05-28 13:19:57','2018-05-28 13:19:57','201470024220','2018-05-28 13:19:00','2018-05-30 13:19:00','2018-05-28 13:19:57',1,2,14,'贾慧强'),(46,'2018-05-28 13:19:53','2018-05-28 13:19:53','201470034106','2018-05-28 13:19:00','2018-05-30 13:19:00',NULL,0,1,14,'李向'),(47,'2018-05-29 14:16:45','2018-05-29 14:16:45','201470044226','2018-05-28 13:19:00','2018-05-30 13:19:00','2018-05-29 14:16:45',1,2,14,'李亮亮'),(48,'2018-05-28 13:19:53','2018-05-28 13:19:53','201619240119','2018-05-28 13:19:00','2018-05-30 13:19:00',NULL,0,1,14,'雒晓辉'),(49,'2018-05-28 13:19:53','2018-05-28 13:19:53','201719164403','2018-05-28 13:19:00','2018-05-30 13:19:00',NULL,0,1,14,'王甜甜'),(50,'2018-05-28 13:19:53','2018-05-28 13:19:53','201719212434','2018-05-28 13:19:00','2018-05-30 13:19:00',NULL,0,1,14,'毛思源'),(51,'2018-05-29 09:52:14','2018-05-29 09:52:14','201307104106','2018-05-29 09:51:00','2018-05-29 23:51:00',NULL,0,1,17,'范虎子'),(52,'2018-05-29 18:11:09','2018-05-29 18:11:09','201470024220','2018-05-29 09:51:00','2018-05-29 23:51:00','2018-05-29 18:11:09',1,2,17,'贾慧强'),(53,'2018-05-29 09:52:14','2018-05-29 09:52:14','201470034106','2018-05-29 09:51:00','2018-05-29 23:51:00',NULL,0,1,17,'李向'),(54,'2018-05-29 14:14:45','2018-05-29 14:14:45','201470044226','2018-05-29 09:51:00','2018-05-29 23:51:00','2018-05-29 14:14:45',1,2,17,'李亮亮'),(55,'2018-05-29 18:10:25','2018-05-29 18:10:25','201619150210','2018-05-29 09:51:00','2018-05-29 23:51:00','2018-05-29 18:10:25',1,2,17,'陈彩艳'),(56,'2018-05-29 09:52:14','2018-05-29 09:52:14','201619240119','2018-05-29 09:51:00','2018-05-29 23:51:00',NULL,0,1,17,'雒晓辉'),(57,'2018-05-29 09:52:14','2018-05-29 09:52:14','201719164403','2018-05-29 09:51:00','2018-05-29 23:51:00',NULL,0,1,17,'王甜甜'),(58,'2018-05-29 09:52:14','2018-05-29 09:52:14','201719212434','2018-05-29 09:51:00','2018-05-29 23:51:00',NULL,0,1,17,'毛思源'),(59,'2018-05-29 10:11:14','2018-05-29 10:11:14','201307104106','2018-05-29 10:10:00','2018-05-29 23:10:00',NULL,0,1,18,'范虎子'),(60,'2018-05-29 10:11:14','2018-05-29 10:11:14','201470024220','2018-05-29 10:10:00','2018-05-29 23:10:00',NULL,0,1,18,'贾慧强'),(61,'2018-05-29 10:11:14','2018-05-29 10:11:14','201470034106','2018-05-29 10:10:00','2018-05-29 23:10:00',NULL,0,1,18,'李向'),(62,'2018-05-29 14:17:20','2018-05-29 14:17:20','201470044226','2018-05-29 10:10:00','2018-05-29 23:10:00','2018-05-29 14:17:20',1,2,18,'李亮亮'),(63,'2018-05-29 18:10:15','2018-05-29 18:10:15','201619150210','2018-05-29 10:10:00','2018-05-29 23:10:00','2018-05-29 18:10:15',1,2,18,'陈彩艳'),(64,'2018-05-29 10:11:14','2018-05-29 10:11:14','201619240119','2018-05-29 10:10:00','2018-05-29 23:10:00',NULL,0,1,18,'雒晓辉'),(65,'2018-05-29 10:11:14','2018-05-29 10:11:14','201719164403','2018-05-29 10:10:00','2018-05-29 23:10:00',NULL,0,1,18,'王甜甜'),(66,'2018-05-29 10:11:14','2018-05-29 10:11:14','201719212434','2018-05-29 10:10:00','2018-05-29 23:10:00',NULL,0,1,18,'毛思源'),(67,'2018-05-29 17:50:24','2018-05-29 17:50:24','201307104106','2018-05-29 17:49:00','2018-05-29 23:49:00',NULL,0,1,19,'范虎子'),(68,'2018-05-29 18:12:56','2018-05-29 18:12:56','201470024220','2018-05-29 17:49:00','2018-05-29 23:49:00','2018-05-29 18:12:56',1,2,19,'贾慧强'),(69,'2018-05-29 17:50:24','2018-05-29 17:50:24','201470034106','2018-05-29 17:49:00','2018-05-29 23:49:00',NULL,0,1,19,'李向'),(70,'2018-05-29 17:50:24','2018-05-29 17:50:24','201470044226','2018-05-29 17:49:00','2018-05-29 23:49:00',NULL,0,1,19,'李亮亮'),(71,'2018-05-29 18:12:06','2018-05-29 18:12:06','201619150210','2018-05-29 17:49:00','2018-05-29 23:49:00','2018-05-29 18:12:06',1,2,19,'陈彩艳'),(72,'2018-05-29 17:50:24','2018-05-29 17:50:24','201719164403','2018-05-29 17:49:00','2018-05-29 23:49:00',NULL,0,1,19,'王甜甜'),(73,'2018-05-29 18:14:24','2018-05-29 18:14:24','201307104106','2018-05-29 18:13:34','2018-05-30 00:00:00',NULL,0,1,20,'范虎子'),(74,'2018-05-29 18:14:31','2018-05-29 18:14:31','201470024220','2018-05-29 18:13:34','2018-05-30 00:00:00','2018-05-29 18:14:31',1,2,20,'贾慧强'),(75,'2018-05-29 18:14:24','2018-05-29 18:14:24','201470034106','2018-05-29 18:13:34','2018-05-30 00:00:00',NULL,0,1,20,'李向'),(76,'2018-05-29 18:14:24','2018-05-29 18:14:24','201470044226','2018-05-29 18:13:34','2018-05-30 00:00:00',NULL,0,1,20,'李亮亮'),(77,'2018-05-29 18:14:56','2018-05-29 18:14:56','201619150210','2018-05-29 18:13:34','2018-05-30 00:00:00','2018-05-29 18:14:56',1,2,20,'陈彩艳'),(78,'2018-05-29 18:14:24','2018-05-29 18:14:24','201719164403','2018-05-29 18:13:34','2018-05-30 00:00:00',NULL,0,1,20,'王甜甜'),(79,'2018-05-29 22:08:27','2018-05-29 22:08:27','201307104106','2018-05-29 22:08:00','2018-05-29 23:08:00',NULL,0,1,21,'范虎子'),(80,'2018-05-29 22:08:27','2018-05-29 22:08:27','201470024220','2018-05-29 22:08:00','2018-05-29 23:08:00',NULL,0,1,21,'贾慧强'),(81,'2018-05-29 22:08:27','2018-05-29 22:08:27','201470034106','2018-05-29 22:08:00','2018-05-29 23:08:00',NULL,0,1,21,'李向'),(82,'2018-05-29 22:08:27','2018-05-29 22:08:27','201470044226','2018-05-29 22:08:00','2018-05-29 23:08:00',NULL,0,1,21,'李亮亮'),(83,'2018-05-29 22:08:27','2018-05-29 22:08:27','201619150210','2018-05-29 22:08:00','2018-05-29 23:08:00',NULL,0,1,21,'陈彩艳'),(84,'2018-05-29 22:08:27','2018-05-29 22:08:27','201719164403','2018-05-29 22:08:00','2018-05-29 23:08:00',NULL,0,1,21,'王甜甜'),(85,'2018-05-31 11:47:53','2018-05-31 11:47:53','201470024220','2018-05-31 10:46:00','2018-05-31 23:47:00','2018-05-31 11:47:53',1,2,22,'贾慧强'),(86,'2018-05-31 11:47:49','2018-05-31 11:47:49','201470024231','2018-05-31 10:46:00','2018-05-31 23:47:00',NULL,0,1,22,'宋鎏鑫'),(87,'2018-05-31 11:48:02','2018-05-31 11:48:02','201470034106','2018-05-31 10:46:00','2018-05-31 23:47:00','2018-05-31 11:48:02',1,2,22,'李向'),(88,'2018-05-31 11:47:49','2018-05-31 11:47:49','201619040104','2018-05-31 10:46:00','2018-05-31 23:47:00',NULL,0,1,22,'李梦歌'),(89,'2018-05-31 11:47:49','2018-05-31 11:47:49','201619040229','2018-05-31 10:46:00','2018-05-31 23:47:00',NULL,0,1,22,'王振国');

#
# Structure for table "options"
#

DROP TABLE IF EXISTS `options`;
CREATE TABLE `options` (
  `Id` bigint(20) NOT NULL AUTO_INCREMENT,
  `create_time` timestamp NULL DEFAULT CURRENT_TIMESTAMP ON UPDATE CURRENT_TIMESTAMP,
  `last_modify_time` timestamp NULL DEFAULT CURRENT_TIMESTAMP ON UPDATE CURRENT_TIMESTAMP,
  `vote_id` bigint(1) DEFAULT '0' COMMENT '投票ID',
  `orders` int(11) DEFAULT '0' COMMENT '顺序',
  `thetext` varchar(255) DEFAULT '' COMMENT '选项值',
  `status` int(11) DEFAULT '0',
  PRIMARY KEY (`Id`)
) ENGINE=InnoDB AUTO_INCREMENT=68 DEFAULT CHARSET=utf8 COMMENT='选项';

#
# Data for table "options"
#

INSERT INTO `options` VALUES (1,'2018-05-23 20:54:42','2018-05-23 20:54:42',1,NULL,'李华',1),(2,'2018-05-23 20:54:42','2018-05-23 20:54:42',1,NULL,'小明',1),(3,'2018-05-23 20:54:42','2018-05-23 20:54:42',1,NULL,'张新',1),(4,'2018-05-23 20:54:42','2018-05-23 20:54:42',1,NULL,'李理',1),(5,'2018-05-23 20:54:42','2018-05-23 20:54:42',1,NULL,'王谢',1),(6,'2018-05-23 20:54:42','2018-05-23 20:54:42',1,NULL,'赵会',1),(7,'2018-05-23 20:54:42','2018-05-23 20:54:42',1,NULL,'刘柳',1),(8,'2018-05-23 20:58:54','2018-05-23 20:58:54',2,NULL,'刘亦菲',1),(9,'2018-05-23 20:58:54','2018-05-23 20:58:54',2,NULL,'赵丽颖',1),(10,'2018-05-23 20:58:54','2018-05-23 20:58:54',2,NULL,'王丽坤',1),(11,'2018-05-23 20:58:54','2018-05-23 20:58:54',2,NULL,'杨幂',1),(12,'2018-05-23 20:58:54','2018-05-23 20:58:54',2,NULL,'谢娜',1),(13,'2018-05-23 20:58:54','2018-05-23 20:58:54',2,NULL,'张杰',1),(14,'2018-05-23 20:58:54','2018-05-23 20:58:54',2,NULL,'何炅',1),(15,'2018-05-23 20:58:54','2018-05-23 20:58:54',2,NULL,NULL,1),(16,'2018-05-23 21:05:59','2018-05-23 21:05:59',3,NULL,'杨幂',1),(17,'2018-05-23 21:05:59','2018-05-23 21:05:59',3,NULL,'唐嫣',1),(18,'2018-05-23 21:05:59','2018-05-23 21:05:59',3,NULL,'刘亦菲',1),(19,'2018-05-23 21:05:59','2018-05-23 21:05:59',3,NULL,'赵丽颖',1),(20,'2018-05-23 21:05:59','2018-05-23 21:05:59',3,NULL,'赵灵儿',1),(21,'2018-05-23 21:05:59','2018-05-23 21:05:59',3,NULL,'紫萱',1),(22,'2018-05-23 21:05:59','2018-05-23 21:05:59',3,NULL,'舒畅',1),(23,'2018-05-23 21:05:59','2018-05-23 21:05:59',3,NULL,'古力娜扎',1),(24,'2018-05-23 21:05:59','2018-05-23 21:05:59',3,NULL,'迪丽热巴',1),(25,'2018-05-23 21:05:59','2018-05-23 21:05:59',3,NULL,'刘诗诗',1),(26,'2018-05-23 21:09:45','2018-05-23 21:09:45',4,NULL,'RB软工金141',1),(27,'2018-05-23 21:09:45','2018-05-23 21:09:45',4,NULL,'RB软工金142',1),(28,'2018-05-23 21:09:45','2018-05-23 21:09:45',4,NULL,'RB软工金143',1),(29,'2018-05-23 21:09:45','2018-05-23 21:09:45',4,NULL,'RB软工金144',1),(30,'2018-05-23 21:09:45','2018-05-23 21:09:45',4,NULL,'RB大数据141',1),(31,'2018-05-23 21:09:45','2018-05-23 21:09:45',4,NULL,'RB大数据142',1),(32,'2018-05-23 21:09:45','2018-05-23 21:09:45',4,NULL,'RB移动互联网141',1),(33,'2018-05-23 21:09:45','2018-05-23 21:09:45',4,NULL,'RB移动互联网142',1),(34,'2018-05-24 14:27:13','2018-05-24 14:27:13',5,NULL,'Plan A',1),(35,'2018-05-24 14:27:13','2018-05-24 14:27:13',5,NULL,'Plan B',1),(36,'2018-05-24 14:27:13','2018-05-24 14:27:13',5,NULL,'Plan C',1),(37,'2018-05-24 14:27:13','2018-05-24 14:27:13',5,NULL,'Plan D',1),(38,'2018-05-26 18:02:28','2018-05-26 18:02:28',7,NULL,'周一',1),(39,'2018-05-26 18:02:28','2018-05-26 18:02:28',7,NULL,'周二',1),(40,'2018-05-26 18:02:28','2018-05-26 18:02:28',7,NULL,'周三',1),(41,'2018-05-26 18:02:28','2018-05-26 18:02:28',7,NULL,'周四',1),(42,'2018-05-26 18:02:28','2018-05-26 18:02:28',7,NULL,'周五',1),(43,'2018-05-28 11:19:00','2018-05-28 11:19:00',8,NULL,'投票a',1),(44,'2018-05-28 11:19:00','2018-05-28 11:19:00',8,NULL,'投票b',1),(45,'2018-05-28 11:19:00','2018-05-28 11:19:00',8,NULL,'投票c',1),(46,'2018-05-29 10:53:14','2018-05-29 10:53:14',10,NULL,'',1),(47,'2018-05-29 10:53:14','2018-05-29 10:53:14',10,NULL,'',1),(48,'2018-05-29 10:53:14','2018-05-29 10:53:14',10,NULL,'',1),(49,'2018-05-29 10:56:17','2018-05-29 10:56:17',11,NULL,'投票A',1),(50,'2018-05-29 10:56:17','2018-05-29 10:56:17',11,NULL,'投票B',1),(51,'2018-05-29 10:56:17','2018-05-29 10:56:17',11,NULL,'投票C',1),(52,'2018-05-29 10:59:58','2018-05-29 10:59:58',12,NULL,'投票2',1),(53,'2018-05-29 10:59:58','2018-05-29 10:59:58',12,NULL,'投票3',1),(54,'2018-05-29 10:59:58','2018-05-29 10:59:58',12,NULL,'投票4',1),(55,'2018-05-29 11:03:52','2018-05-29 11:03:52',13,NULL,'投票1',1),(56,'2018-05-29 11:03:52','2018-05-29 11:03:52',13,NULL,'投票2',1),(57,'2018-05-29 11:03:52','2018-05-29 11:03:52',13,NULL,'投票3',1),(58,'2018-05-29 11:05:49','2018-05-29 11:05:49',14,NULL,'投票1',1),(59,'2018-05-29 11:05:49','2018-05-29 11:05:49',14,NULL,'投票2',1),(60,'2018-05-29 11:07:41','2018-05-29 11:07:41',15,NULL,'投票1',1),(61,'2018-05-29 11:07:41','2018-05-29 11:07:41',15,NULL,'投票2',1),(62,'2018-05-29 20:53:09','2018-05-29 20:53:09',16,NULL,'投票1',1),(63,'2018-05-29 20:53:09','2018-05-29 20:53:09',16,NULL,'投票2',1),(64,'2018-05-29 20:53:09','2018-05-29 20:53:09',16,NULL,'投票3',1),(65,'2018-05-31 16:38:29','2018-05-31 16:38:29',17,NULL,'选项1',1),(66,'2018-05-31 16:38:29','2018-05-31 16:38:29',17,NULL,'选项2',1),(67,'2018-05-31 16:38:29','2018-05-31 16:38:29',17,NULL,'选项4',1);

#
# Structure for table "program_member"
#

DROP TABLE IF EXISTS `program_member`;
CREATE TABLE `program_member` (
  `Id` bigint(20) NOT NULL AUTO_INCREMENT,
  `create_time` timestamp NOT NULL DEFAULT CURRENT_TIMESTAMP ON UPDATE CURRENT_TIMESTAMP,
  `last_modify_time` timestamp NOT NULL DEFAULT CURRENT_TIMESTAMP ON UPDATE CURRENT_TIMESTAMP COMMENT '最后修改时间',
  `activities_id` bigint(20) NOT NULL DEFAULT '0' COMMENT '活动ID',
  `program_id` bigint(20) DEFAULT '0' COMMENT '节目ID',
  `program_name` varchar(255) DEFAULT '' COMMENT '节目名称',
  `sno` varchar(255) NOT NULL DEFAULT '' COMMENT '学号',
  `type` varchar(255) NOT NULL DEFAULT '' COMMENT '参与类型',
  `status` int(11) NOT NULL DEFAULT '0' COMMENT '状态',
  `username` varchar(255) NOT NULL,
  PRIMARY KEY (`Id`)
) ENGINE=InnoDB AUTO_INCREMENT=51 DEFAULT CHARSET=utf8 COMMENT='节目人员表';

#
# Data for table "program_member"
#

INSERT INTO `program_member` VALUES (1,'2018-05-23 21:53:27','2018-05-23 21:53:27',8,1,'红色经典舞蹈','201470024220','组织者',0,''),(2,'2018-05-22 20:34:52','2018-05-22 20:34:52',8,1,'红色经典舞蹈','201470044226','参与者',1,''),(3,'2018-05-22 20:34:52','2018-05-22 20:34:52',8,1,'红色经典舞蹈','201470034125','组织者',1,''),(4,'2018-05-23 17:07:24','2018-05-23 17:07:24',8,2,'红色经典','201470024220','组织者',1,''),(5,'2018-05-23 17:07:24','2018-05-23 17:07:24',8,2,'红色经典','201719164337','参与者',1,''),(6,'2018-05-23 17:07:24','2018-05-23 17:07:24',8,2,'红色经典','201719164308','参与者',1,''),(7,'2018-05-23 17:07:24','2018-05-23 17:07:24',8,2,'红色经典','201719154119','参与者',1,''),(8,'2018-05-23 17:53:37','2018-05-23 17:53:37',8,5,'英雄联萌','201470044226','组织者',1,''),(9,'2018-05-23 17:53:37','2018-05-23 17:53:37',8,5,'英雄联萌','201719154112','参与者',1,''),(10,'2018-05-23 17:53:37','2018-05-23 17:53:37',8,5,'英雄联萌','201719164219','参与者',1,''),(11,'2018-05-23 21:57:00','2018-05-23 21:57:00',8,6,'成语接龙游戏','201470024220','组织者',0,''),(12,'2018-05-23 21:39:59','2018-05-23 21:39:59',8,7,'花式篮球','201470044226','参与者',1,''),(13,'2018-05-23 21:39:59','2018-05-23 21:39:59',8,7,'花式篮球','201719164219','参与者',1,''),(14,'2018-05-23 21:41:34','2018-05-23 21:41:34',8,7,'花式篮球','201719044214','参与者',1,''),(15,'2018-05-23 21:55:12','2018-05-23 21:55:12',8,2,'红色经典','201470044226','组织者',0,'李亮亮'),(16,'2018-05-24 14:23:00','2018-05-24 14:23:00',14,8,'第一遍串通','201470024220','组织者',1,'贾慧强'),(17,'2018-05-24 14:23:07','2018-05-24 14:23:07',14,8,'第一遍串通','201470024220','组织者',1,'贾慧强'),(18,'2018-05-24 18:28:54','2018-05-24 18:28:54',15,9,'舞蹈','201470024220','组织者',1,'贾慧强'),(19,'2018-05-30 12:30:05','2018-05-30 12:30:05',6,10,'拉拉队','201619160415','参与者',0,'李通'),(20,'2018-05-30 12:30:05','2018-05-30 12:30:05',6,10,'拉拉队','201470024220','组织者',0,'贾慧强'),(21,'2018-05-30 12:30:05','2018-05-30 12:30:05',6,10,'拉拉队','201307104106','参与者',0,'范虎子'),(22,'2018-05-30 12:30:05','2018-05-30 12:30:05',6,10,'拉拉队','201619160415','参与者',0,'李通'),(23,'2018-05-30 12:30:05','2018-05-30 12:30:05',6,10,'拉拉队','201619150319','参与者',0,'王杨'),(24,'2018-05-30 12:30:05','2018-05-30 12:30:05',6,10,'拉拉队','201719144323','参与者',0,'王帅'),(25,'2018-05-30 12:30:05','2018-05-30 12:30:05',6,10,'拉拉队','201719212305','参与者',0,'徐颖'),(26,'2018-05-25 10:12:43','2018-05-25 10:12:43',6,10,'拉拉队','201719212337','参与者',0,'叶晓栋'),(27,'2018-05-30 12:30:05','2018-05-30 12:30:05',6,10,'拉拉队','201719212337','参与者',0,'叶晓栋'),(28,'2018-05-25 10:44:24','2018-05-25 10:44:24',18,11,'辩论赛','201470024220','组织者',1,'贾慧强'),(29,'2018-05-25 10:44:24','2018-05-25 10:44:24',18,11,'辩论赛','201719044216','参与者',1,'胡杰'),(30,'2018-05-25 10:44:24','2018-05-25 10:44:24',18,11,'辩论赛','201719144137','参与者',1,'周文博'),(31,'2018-05-25 10:44:24','2018-05-25 10:44:24',18,11,'辩论赛','201619240435','参与者',1,'邢正龙'),(32,'2018-05-25 10:44:24','2018-05-25 10:44:24',18,11,'辩论赛','201719212340','参与者',1,'薛锐'),(33,'2018-05-25 10:44:47','2018-05-25 10:44:47',18,12,'辩论赛','201470024220','组织者',1,'贾慧强'),(34,'2018-05-25 10:44:47','2018-05-25 10:44:47',18,12,'辩论赛','201719044216','参与者',1,'胡杰'),(35,'2018-05-25 10:44:47','2018-05-25 10:44:47',18,12,'辩论赛','201719144137','参与者',1,'周文博'),(36,'2018-05-25 10:44:47','2018-05-25 10:44:47',18,12,'辩论赛','201619240435','参与者',1,'邢正龙'),(37,'2018-05-25 10:44:47','2018-05-25 10:44:47',18,12,'辩论赛','201719212340','参与者',1,'薛锐'),(38,'2018-05-25 10:45:14','2018-05-25 10:45:14',18,13,'辩论赛预赛','201470024220','组织者',1,'贾慧强'),(39,'2018-05-25 10:45:14','2018-05-25 10:45:14',18,13,'辩论赛预赛','201719044216','参与者',1,'胡杰'),(40,'2018-05-25 10:45:14','2018-05-25 10:45:14',18,13,'辩论赛预赛','201719144137','参与者',1,'周文博'),(41,'2018-05-25 10:45:14','2018-05-25 10:45:14',18,13,'辩论赛预赛','201619240435','参与者',1,'邢正龙'),(42,'2018-05-25 10:45:14','2018-05-25 10:45:14',18,13,'辩论赛预赛','201719212340','参与者',1,'薛锐'),(43,'2018-05-25 10:46:22','2018-05-25 10:46:22',18,14,'辩论赛决赛','201470024220','组织者',1,'贾慧强'),(44,'2018-05-25 10:46:22','2018-05-25 10:46:22',18,14,'辩论赛决赛','201719044216','参与者',1,'胡杰'),(45,'2018-05-25 10:46:22','2018-05-25 10:46:22',18,14,'辩论赛决赛','201719144137','参与者',1,'周文博'),(46,'2018-05-25 10:46:22','2018-05-25 10:46:22',18,14,'辩论赛决赛','201619240435','参与者',1,'邢正龙'),(47,'2018-05-25 10:46:22','2018-05-25 10:46:22',18,14,'辩论赛决赛','201719212340','参与者',1,'薛锐'),(48,'2018-05-30 13:08:40','2018-05-30 13:08:40',15,9,'舞蹈','201470044226','参与者',1,'李亮亮'),(49,'2018-05-30 13:09:59','2018-05-30 13:09:59',15,9,'舞蹈','201470044226','组织者',0,'李亮亮'),(50,'2018-05-31 11:40:38','2018-05-31 11:40:38',25,15,'朗诵','201470044226','参与者',1,'李亮亮');

#
# Structure for table "register"
#

DROP TABLE IF EXISTS `register`;
CREATE TABLE `register` (
  `Id` bigint(20) NOT NULL AUTO_INCREMENT,
  `create_time` timestamp NOT NULL DEFAULT CURRENT_TIMESTAMP ON UPDATE CURRENT_TIMESTAMP,
  `last_modify_time` timestamp NOT NULL DEFAULT CURRENT_TIMESTAMP ON UPDATE CURRENT_TIMESTAMP,
  `name` varchar(255) DEFAULT NULL,
  `sno` varchar(255) DEFAULT NULL COMMENT '创建人学号',
  `type` varchar(255) NOT NULL DEFAULT '' COMMENT '签到类型',
  `activities_id` bigint(1) unsigned zerofill DEFAULT '0' COMMENT '活动ID',
  `comments` varchar(255) DEFAULT '' COMMENT '备注',
  `start_time` timestamp NOT NULL DEFAULT '2001-01-01 00:00:00' COMMENT '开始时间',
  `end_time` timestamp NOT NULL DEFAULT '2001-01-01 00:00:00' COMMENT '结束时间',
  `mark` int(11) unsigned NOT NULL DEFAULT '0' COMMENT '加分量',
  `status` int(11) unsigned NOT NULL DEFAULT '1' COMMENT '状态',
  PRIMARY KEY (`Id`)
) ENGINE=InnoDB AUTO_INCREMENT=18 DEFAULT CHARSET=utf8 COMMENT='签到';

#
# Data for table "register"
#

INSERT INTO `register` VALUES (1,'2018-05-31 00:00:45','2018-05-31 00:00:45','策划开会','201470024220','参与者',8,'毕业趴 - 策划开会','2018-05-24 10:00:00','2018-05-31 00:00:00',0,3),(2,'2018-05-31 00:00:45','2018-05-31 00:00:45','组织会议1','201470024220','参与者',9,'主持人大赛 - 组织会议1','2018-05-23 00:00:00','2018-05-31 00:00:00',0,3),(3,'2018-05-31 00:00:45','2018-05-31 00:00:45','组织会议1','201470024220','参与者',14,'周末组织训练 - 组织会议1','2018-05-23 00:00:00','2018-05-31 00:00:00',0,3),(4,'2018-05-31 00:00:45','2018-05-31 00:00:45','组织会议','201470024220','参与者',8,'毕业趴 - 组织会议','2018-05-25 13:30:00','2018-05-31 00:00:00',0,3),(5,'2018-05-31 00:00:45','2018-05-31 00:00:45','组织会议25','201470024220','参与者',9,'主持人大赛 - 组织会议25','2018-05-25 00:00:00','2018-05-31 00:00:00',0,3),(6,'2018-05-31 00:00:45','2018-05-31 00:00:45','运动会签到','201470024220','观众',6,'夏季运动会 - 运动会签到','2018-05-25 00:00:00','2018-05-31 00:00:00',0,3),(7,'2018-05-30 18:55:14','2018-05-30 18:55:14','例会','201470024220','参与者',9,'主持人大赛 - 例会','2018-05-24 00:00:00','2018-05-26 00:00:00',0,3),(8,'2018-05-30 18:55:14','2018-05-30 18:55:14','例会5.26','201470024220','参与者',6,'夏季运动会 - 例会5.26','2018-05-26 00:00:00','2018-05-27 00:00:00',0,3),(9,'2018-05-30 18:55:14','2018-05-30 18:55:14','例会26.5','201470024220','参与者',6,'夏季运动会 - 例会26.5','2018-05-26 20:12:18','2018-05-28 00:00:00',0,3),(10,'2018-05-30 18:55:14','2018-05-30 18:55:14','string','string','string',0,'string','2018-05-28 12:21:49','2018-05-28 12:21:49',0,3),(11,'2018-05-30 18:55:14','2018-05-30 18:55:14','string','string','string',6,'string','2018-05-28 12:21:49','2018-05-28 12:21:49',0,3),(12,'2018-05-30 18:55:14','2018-05-30 18:55:14','签到','201470024220','参与者',8,'全员签到','2018-05-28 12:21:49','2018-05-28 23:29:00',0,3),(13,'2018-05-30 23:49:45','2018-05-30 23:49:45','签到','201470044226','参与者',2,'请准时签到','2018-05-30 18:49:00','2018-05-30 23:49:00',0,3),(14,'2018-05-30 18:51:14','2018-05-30 18:51:14','签到530','201470044226','参与者',5,'签到','2018-05-30 18:49:00','2018-05-30 18:51:00',0,3),(15,'2018-05-31 00:00:45','2018-05-31 00:00:45','测试开始时间签到','201470044226','观众',15,'端午节活动 - 测试开始时间签到','2018-05-30 00:00:00','2018-05-31 00:00:00',0,3),(16,'2018-05-31 23:41:07','2018-05-31 23:41:07','第一次例会','201470034106','组织者',26,'签到备注','2018-05-31 09:41:00','2018-05-31 23:41:00',0,3),(17,'2018-06-01 00:00:07','2018-06-01 00:00:07','签到531','201470044226','观众',23,'5.29活动 - 签到531','2018-05-31 16:48:05','2018-06-01 00:00:00',0,3);

#
# Structure for table "register_code"
#

DROP TABLE IF EXISTS `register_code`;
CREATE TABLE `register_code` (
  `Id` bigint(20) NOT NULL AUTO_INCREMENT,
  `create_time` timestamp NOT NULL DEFAULT CURRENT_TIMESTAMP ON UPDATE CURRENT_TIMESTAMP,
  `last_modify_time` timestamp NOT NULL DEFAULT CURRENT_TIMESTAMP ON UPDATE CURRENT_TIMESTAMP,
  `register_id` bigint(20) unsigned DEFAULT '0' COMMENT '签到id',
  `code` varchar(255) NOT NULL DEFAULT '' COMMENT '签到码',
  `end_time` timestamp NOT NULL DEFAULT CURRENT_TIMESTAMP COMMENT '过期时间',
  `status` int(11) unsigned NOT NULL DEFAULT '1' COMMENT '状态',
  PRIMARY KEY (`Id`)
) ENGINE=InnoDB AUTO_INCREMENT=214 DEFAULT CHARSET=utf8 COMMENT='签到-代码';

#
# Data for table "register_code"
#

INSERT INTO `register_code` VALUES (1,'2018-05-24 17:00:31','2018-05-24 17:00:31',2,'cd70a2daa5964a9c93f80fcfea39c89c','2018-05-24 17:00:42',1),(2,'2018-05-24 17:00:35','2018-05-24 17:00:35',3,'bcee5724113045fb811ae0eefe5f7950','2018-05-24 17:00:45',1),(3,'2018-05-25 09:38:37','2018-05-25 09:38:37',3,'30fa43d0148e4acaabf016d82fa897fa','2018-05-25 09:38:48',1),(4,'2018-05-25 13:46:17','2018-05-25 13:46:17',1,'4153319247334114b490a7413c87abb4','2018-05-25 13:46:27',1),(5,'2018-05-25 13:46:57','2018-05-25 13:46:57',1,'981ae6861a884d569429cee954bef1f5','2018-05-25 13:47:08',1),(6,'2018-05-25 13:47:12','2018-05-25 13:47:12',2,'379395ce0490412bbeca3ee5e9a0d760','2018-05-25 13:47:22',1),(7,'2018-05-25 13:47:23','2018-05-25 13:47:23',3,'1647579a0d8841aa912cca0429843056','2018-05-25 13:47:34',1),(8,'2018-05-25 13:47:55','2018-05-25 13:47:55',3,'5f78981f93b7492bac82ed0baebeabd9','2018-05-25 13:48:05',1),(9,'2018-05-25 13:59:35','2018-05-25 13:59:35',1,'10fe04fa077d4647bec1abac5f544603','2018-05-25 13:59:46',1),(10,'2018-05-25 14:38:37','2018-05-25 14:38:37',3,'9e31a9111aa6435e836ef4c2c9ab049b','2018-05-25 14:38:47',1),(11,'2018-05-25 14:41:44','2018-05-25 14:41:44',1,'09a103942be64cf3a07b7b7066561c97','2018-05-25 14:41:55',1),(12,'2018-05-25 14:42:07','2018-05-25 14:42:07',2,'d9b859ce131745e6bd235f38f370d4cc','2018-05-25 14:42:18',1),(13,'2018-05-25 14:42:41','2018-05-25 14:42:41',3,'60e8ee0d71e24836b982be99ef1a5854','2018-05-25 14:42:51',1),(14,'2018-05-25 14:53:43','2018-05-25 14:53:43',1,'32d4c804da604acd91a49113470a573c','2018-05-25 14:53:54',1),(15,'2018-05-25 14:54:13','2018-05-25 14:54:13',2,'b8597e7af4cc4f0aa8e4b0e1fda30bfe','2018-05-25 14:54:23',1),(16,'2018-05-25 14:54:40','2018-05-25 14:54:40',3,'4c64e84d97764d78b8554574365da391','2018-05-25 14:54:50',1),(17,'2018-05-25 16:24:15','2018-05-25 16:24:15',3,'e645cf29f14b4f339d37bb6aaf585c47','2018-05-25 16:24:25',1),(18,'2018-05-25 16:29:08','2018-05-25 16:29:08',1,'dd774608e8374e7fbca88e4f1ebff42b','2018-05-25 16:29:19',1),(19,'2018-05-25 16:31:09','2018-05-25 16:31:09',1,'c7b8fd59bd7446d58c8889b5abbbd492','2018-05-25 16:31:19',1),(20,'2018-05-25 16:31:30','2018-05-25 16:31:30',2,'3b0f636130074f2286b96a72b247dfde','2018-05-25 16:31:40',1),(21,'2018-05-25 16:34:18','2018-05-25 16:34:18',3,'947eaec8c6794295b87daf78bf8bdf99','2018-05-25 16:34:29',1),(22,'2018-05-25 16:36:37','2018-05-25 16:36:37',2,'3c407c53326045c0898a9234277b30be','2018-05-25 16:36:47',1),(23,'2018-05-25 16:40:46','2018-05-25 16:40:46',2,'e984667ee4ff449db9bfa7e7d3fa3617','2018-05-25 16:40:56',1),(24,'2018-05-25 16:44:01','2018-05-25 16:44:01',1,'4cf7866458a8404d8303992c6023a3a0','2018-05-25 16:44:11',1),(25,'2018-05-25 16:44:54','2018-05-25 16:44:54',1,'030071ef842344f281825c3bc990c814','2018-05-25 16:45:04',1),(26,'2018-05-25 16:51:23','2018-05-25 16:51:23',2,'30f0b702abba4f98a8ce2d3a7ec64dab','2018-05-25 16:51:34',1),(27,'2018-05-25 16:54:13','2018-05-25 16:54:13',1,'c04c4bdb8e574c17b922decb89c32d21','2018-05-25 16:54:23',1),(28,'2018-05-25 16:54:53','2018-05-25 16:54:53',1,'53dd7aaeada2467caa2c7e32a7ac4e84','2018-05-25 16:55:03',1),(29,'2018-05-26 11:12:45','2018-05-26 11:12:45',1,'cf78875affc946129fcc8a9376c4232d','2018-05-26 11:12:55',1),(30,'2018-05-26 20:15:10','2018-05-26 20:15:10',3,'81c8342cc1b24491894d70d9786dbbd8','2018-05-26 20:15:19',1),(31,'2018-05-26 21:01:38','2018-05-26 21:01:38',3,'e12574ef4bd346049dc359d95148dc2c','2018-05-26 21:01:48',1),(32,'2018-05-26 21:01:41','2018-05-26 21:01:41',1,'355e15c48d814dd1b4709d9f75953415','2018-05-26 21:01:51',1),(33,'2018-05-27 18:01:34','2018-05-27 18:01:34',2,'51fa9375a01b4701817dc1bdb6d52988','2018-05-27 18:01:44',1),(34,'2018-05-27 18:02:06','2018-05-27 18:02:06',2,'b5541373015247cdb828c90081533f74','2018-05-27 18:02:17',1),(35,'2018-05-27 18:02:59','2018-05-27 18:02:59',2,'bfd563ae33c2454284692c7cbb42d30a','2018-05-27 18:03:09',1),(36,'2018-05-27 18:04:14','2018-05-27 18:04:14',2,'ac134c82bb6b4c7f892c1873ada2530f','2018-05-27 18:04:25',1),(37,'2018-05-27 18:04:32','2018-05-27 18:04:32',2,'707045861be546839cf0d11278d05e22','2018-05-27 18:04:43',1),(38,'2018-05-27 18:05:03','2018-05-27 18:05:03',2,'b3fca811db2f45c8bc40c6d64d8e18d9','2018-05-27 18:05:14',1),(39,'2018-05-27 18:06:58','2018-05-27 18:06:58',2,'3432d9e9786a4bb783564e52d1af19e1','2018-05-27 18:07:08',1),(40,'2018-05-27 18:07:10','2018-05-27 18:07:10',2,'791571d00cd8409980b51ec0eb73c632','2018-05-27 18:07:20',1),(41,'2018-05-27 18:07:47','2018-05-27 18:07:47',2,'cd135cc9bafd464aa471744a2e84d265','2018-05-27 18:07:58',1),(42,'2018-05-27 18:08:16','2018-05-27 18:08:16',2,'b0276416fa744cc893e1666a9d0702a1','2018-05-27 18:08:26',1),(43,'2018-05-27 18:09:20','2018-05-27 18:09:20',2,'891f5b0ef3aa40fea0533a75c038b066','2018-05-27 18:09:30',1),(44,'2018-05-27 18:10:44','2018-05-27 18:10:44',2,'73f283e005c44475a6da6dcc1ed076fc','2018-05-27 18:10:54',1),(45,'2018-05-27 18:12:12','2018-05-27 18:12:12',2,'1fa05a3a502a4657a7c78868a8d98b6f','2018-05-27 18:12:22',1),(46,'2018-05-27 18:12:48','2018-05-27 18:12:48',2,'f1ef397aefc84ca7b85125590acb11d3','2018-05-27 18:12:58',1),(47,'2018-05-27 18:12:58','2018-05-27 18:12:58',2,'d9b308518bf643f7a41d4affff801494','2018-05-27 18:13:09',1),(48,'2018-05-27 18:14:05','2018-05-27 18:14:05',2,'9dbf3c6cbccd4a31838cec5b797c0a2c','2018-05-27 18:14:16',1),(49,'2018-05-27 18:14:16','2018-05-27 18:14:16',2,'912e534326324c0a939fae43db2494bb','2018-05-27 18:14:26',1),(50,'2018-05-27 18:14:26','2018-05-27 18:14:26',2,'cacc914b2a144c1ba660122d09112ec0','2018-05-27 18:14:37',1),(51,'2018-05-27 18:17:09','2018-05-27 18:17:09',1,'52b1807fce6f445c9fed0ae89e31a883','2018-05-27 18:17:19',1),(52,'2018-05-27 18:17:32','2018-05-27 18:17:32',1,'662d5b0d0e0a455f81f10f267c613efa','2018-05-27 18:17:43',1),(53,'2018-05-27 18:17:33','2018-05-27 18:17:33',1,'87a7f0ae4dc24441828b91d6a594ab16','2018-05-27 18:17:44',1),(54,'2018-05-27 18:17:34','2018-05-27 18:17:34',1,'b62c2e71e56a4d77a1d1c83077cf8b05','2018-05-27 18:17:44',1),(55,'2018-05-27 18:17:34','2018-05-27 18:17:34',1,'d559b06861004c53b5b7a50e795ea6a1','2018-05-27 18:17:44',1),(56,'2018-05-27 18:17:35','2018-05-27 18:17:35',1,'f1ba4bfc63d14498869137408cd8845b','2018-05-27 18:17:45',1),(57,'2018-05-27 18:17:35','2018-05-27 18:17:35',1,'90da1083e2d1449e83e0ba65e1260b63','2018-05-27 18:17:46',1),(58,'2018-05-27 18:17:35','2018-05-27 18:17:35',1,'9e6092fe168a45f98fb7f3fb3acffb39','2018-05-27 18:17:46',1),(59,'2018-05-27 18:17:46','2018-05-27 18:17:46',2,'6bb50a4c08744c9ea7e212680273b10f','2018-05-27 18:17:56',1),(60,'2018-05-27 18:17:57','2018-05-27 18:17:57',2,'9693161a22234d2b9e2c4484f094f0da','2018-05-27 18:18:08',1),(61,'2018-05-27 18:18:08','2018-05-27 18:18:08',2,'169882a98a2c4d8d80b14e985eaf90c4','2018-05-27 18:18:18',1),(62,'2018-05-27 18:18:08','2018-05-27 18:18:08',2,'ad1b5f61be0a4a95af95b13cc2c5730c','2018-05-27 18:18:18',1),(63,'2018-05-27 18:18:08','2018-05-27 18:18:08',2,'59776fff297042d6b52336db3b5bb25f','2018-05-27 18:18:18',1),(64,'2018-05-27 18:22:09','2018-05-27 18:22:09',1,'fbc65c6985864b35839f0574677ff560','2018-05-27 18:22:20',1),(65,'2018-05-27 18:22:31','2018-05-27 18:22:31',2,'4981e1e403474eaab2c6f3109c7f275d','2018-05-27 18:22:42',1),(66,'2018-05-27 18:26:37','2018-05-27 18:26:37',2,'0775c84359804fecab8da5133f648e81','2018-05-27 18:26:48',1),(67,'2018-05-27 18:29:33','2018-05-27 18:29:33',2,'e1d19a9974a840cfb9250fa84d8a1606','2018-05-27 18:29:44',1),(68,'2018-05-27 18:31:02','2018-05-27 18:31:02',2,'c69aa7c7f1a242809a0c345d617796cc','2018-05-27 18:31:12',1),(69,'2018-05-27 18:32:25','2018-05-27 18:32:25',2,'264e72a11d624831a2c410b5e715c1a0','2018-05-27 18:32:35',1),(70,'2018-05-27 18:32:35','2018-05-27 18:32:35',2,'dd411ca9bb364693a60a7d9c6a8feeb9','2018-05-27 18:32:45',1),(71,'2018-05-27 18:32:37','2018-05-27 18:32:37',2,'c8530d4dbe86484f92f8bfe133a46b57','2018-05-27 18:32:48',1),(72,'2018-05-27 18:33:09','2018-05-27 18:33:09',2,'3eafdbdaeeaf4299b66c1768e7e38422','2018-05-27 18:33:19',1),(73,'2018-05-27 18:33:26','2018-05-27 18:33:26',2,'e7516db9657a48daa3126dfe597bf9ae','2018-05-27 18:33:36',1),(74,'2018-05-27 18:33:44','2018-05-27 18:33:44',2,'a418c405b6724f529bbafb7e99245e39','2018-05-27 18:33:54',1),(75,'2018-05-27 18:34:17','2018-05-27 18:34:17',2,'45b939049a7d414b80333e925e0220c8','2018-05-27 18:34:27',1),(76,'2018-05-27 18:35:39','2018-05-27 18:35:39',2,'e58554f232c0426082caf9857bfc6e6b','2018-05-27 18:35:49',1),(77,'2018-05-27 18:41:52','2018-05-27 18:41:52',2,'f3f9cd5762394870a03a1ab91144576e','2018-05-27 18:42:02',1),(78,'2018-05-27 18:47:06','2018-05-27 18:47:06',2,'645df5b149df4f0fb8743a061aa540ed','2018-05-27 18:47:17',1),(79,'2018-05-27 18:47:27','2018-05-27 18:47:27',2,'5b5f27c9da3a4a46b891e39ca725658d','2018-05-27 18:47:38',1),(80,'2018-05-27 18:48:39','2018-05-27 18:48:39',2,'07ec286f06aa4d75845fb0243fe1a025','2018-05-27 18:48:50',1),(81,'2018-05-27 18:48:45','2018-05-27 18:48:45',2,'ff40329f84d348b09c7c30203c001cdc','2018-05-27 18:48:56',1),(82,'2018-05-27 18:51:36','2018-05-27 18:51:36',2,'0ce1ad1d032b42f6a27150437f22e3fa','2018-05-27 18:51:47',1),(83,'2018-05-27 18:51:47','2018-05-27 18:51:47',2,'61b6361065464daa9a2d60ce7f56fd25','2018-05-27 18:51:57',1),(84,'2018-05-27 18:51:47','2018-05-27 18:51:47',2,'2a7e481032d645e48de1df5640d7171b','2018-05-27 18:51:57',1),(85,'2018-05-27 18:51:47','2018-05-27 18:51:47',2,'c4b19a376a3747218fcb98b54b4a83f7','2018-05-27 18:51:57',1),(86,'2018-05-28 15:52:54','2018-05-28 15:52:54',5,'545a60adb7784ec69606edc2390eee32','2018-05-28 15:53:04',1),(87,'2018-05-28 15:53:04','2018-05-28 15:53:04',5,'bdee803bde8f40669ac4163e7e3f9ca0','2018-05-28 15:53:14',1),(88,'2018-05-28 15:53:16','2018-05-28 15:53:16',2,'52e241cd6a9b4c61a28ffdacd52508ca','2018-05-28 15:53:26',1),(89,'2018-05-29 17:15:10','2018-05-29 17:15:10',3,'0f37cb01dadc4f5ab4772d823d884fd3','2018-05-29 17:15:21',1),(90,'2018-05-29 17:19:30','2018-05-29 17:19:30',4,'4e77cb3ceb294f4195c186a41c50e942','2018-05-29 17:19:41',1),(91,'2018-05-29 17:20:02','2018-05-29 17:20:02',6,'99b7a92d79d54904990b98c55eb09212','2018-05-29 17:20:13',1),(92,'2018-05-29 17:20:10','2018-05-29 17:20:10',6,'c7711f658cd24cc189dd96ca6e43bb03','2018-05-29 17:20:21',1),(93,'2018-05-29 17:20:18','2018-05-29 17:20:18',6,'0abfe589e2ed4ee09f8d62e49b167249','2018-05-29 17:20:29',1),(94,'2018-05-29 17:35:13','2018-05-29 17:35:13',5,'b5ee44a6ef6a456eb10081f5bf990a54','2018-05-29 17:35:24',1),(95,'2018-05-29 17:35:21','2018-05-29 17:35:21',5,'ce01858ecb8a498795ceaab305a862f0','2018-05-29 17:35:32',1),(96,'2018-05-29 17:35:29','2018-05-29 17:35:29',5,'0581eedc7bc04ed998129274451f6632','2018-05-29 17:35:40',1),(97,'2018-05-29 17:45:25','2018-05-29 17:45:25',3,'03b46b367edc49808848286b3d83920a','2018-05-29 17:45:36',1),(98,'2018-05-29 17:45:55','2018-05-29 17:45:55',2,'1beb9b9bc976490a9b349f3e0a625f5b','2018-05-29 17:46:05',1),(99,'2018-05-29 21:30:08','2018-05-29 21:30:08',2,'5b081d6ab43b4d37ab82e7ebe0bafb61','2018-05-29 21:30:18',1),(100,'2018-05-29 21:30:20','2018-05-29 21:30:20',2,'ea513de302004dab81cf19fefae50787','2018-05-29 21:30:30',1),(101,'2018-05-29 21:30:21','2018-05-29 21:30:21',2,'edf9ac8394c54da2b04297c7d094c584','2018-05-29 21:30:31',1),(102,'2018-05-29 21:30:22','2018-05-29 21:30:22',2,'8aa6bc6c8dbb4bf4805e9290588f1ec6','2018-05-29 21:30:32',1),(103,'2018-05-29 21:30:22','2018-05-29 21:30:22',2,'90a268d029aa4018ba5ad4c180ee469e','2018-05-29 21:30:32',1),(104,'2018-05-29 21:30:22','2018-05-29 21:30:22',2,'ce4ac82dc2e54def8eb218db0e299015','2018-05-29 21:30:33',1),(105,'2018-05-29 21:30:22','2018-05-29 21:30:22',2,'18f11fce4ccd4df6ae956c8ce91eb14e','2018-05-29 21:30:33',1),(106,'2018-05-29 21:30:23','2018-05-29 21:30:23',2,'78a2122d594a4c7ebdc00c1fd889fc42','2018-05-29 21:30:34',1),(107,'2018-05-29 21:30:24','2018-05-29 21:30:24',2,'407a9d3b8f014a95835198a91fe9b6d2','2018-05-29 21:30:34',1),(108,'2018-05-29 21:30:24','2018-05-29 21:30:24',2,'d04c08205e964029a48c09762a18c5aa','2018-05-29 21:30:34',1),(109,'2018-05-29 21:30:24','2018-05-29 21:30:24',2,'f4740d67ac954533974c85bcafc4219c','2018-05-29 21:30:35',1),(110,'2018-05-29 21:30:25','2018-05-29 21:30:25',2,'d7e93ad5cb0a423fb859285f18f01f9d','2018-05-29 21:30:35',1),(111,'2018-05-29 21:30:26','2018-05-29 21:30:26',2,'73b475daae3b4bc5863f2f18c561b391','2018-05-29 21:30:36',1),(112,'2018-05-29 21:30:26','2018-05-29 21:30:26',2,'04055c38cf2d484681612efe799416af','2018-05-29 21:30:37',1),(113,'2018-05-29 21:30:26','2018-05-29 21:30:26',2,'8a8f5b4021ae4c73aed01da96da5b8d4','2018-05-29 21:30:37',1),(114,'2018-05-29 21:30:27','2018-05-29 21:30:27',2,'761da2da7c3c402384d1d4494dbbbdff','2018-05-29 21:30:37',1),(115,'2018-05-29 21:30:27','2018-05-29 21:30:27',2,'aac5581862504a949ddf1b9c6baf287e','2018-05-29 21:30:38',1),(116,'2018-05-29 21:30:27','2018-05-29 21:30:27',2,'300f40d49f9f42e1ad2ef1d6da0943ed','2018-05-29 21:30:38',1),(117,'2018-05-29 21:30:28','2018-05-29 21:30:28',2,'d8c38ee384484beca4d5f10d5f06c952','2018-05-29 21:30:39',1),(118,'2018-05-29 21:30:29','2018-05-29 21:30:29',2,'f09ee0609cb44aacab0d7d1c843fca03','2018-05-29 21:30:39',1),(119,'2018-05-29 21:30:29','2018-05-29 21:30:29',2,'06ac34858dac41df89e0ffeb679cbd77','2018-05-29 21:30:39',1),(120,'2018-05-29 21:30:29','2018-05-29 21:30:29',2,'9534de95f78c422a8a4e77a6eef3d32b','2018-05-29 21:30:40',1),(121,'2018-05-29 21:31:36','2018-05-29 21:31:36',1,'9a173445cb3341409ba5a795b0f0f839','2018-05-29 21:31:47',1),(122,'2018-05-29 21:31:47','2018-05-29 21:31:47',1,'2149d1d80363410dba24eeda3f6687e5','2018-05-29 21:31:57',1),(123,'2018-05-29 21:32:27','2018-05-29 21:32:27',1,'8fe79a69117e4d7993f3d01b797195d7','2018-05-29 21:32:37',1),(124,'2018-05-29 21:32:38','2018-05-29 21:32:38',2,'989e844e7aac45dba9e637c3933d5fb9','2018-05-29 21:32:49',1),(125,'2018-05-29 21:39:12','2018-05-29 21:39:12',3,'6f34f8f6738049089c6b9b1ddc6a1bfd','2018-05-29 21:39:23',1),(126,'2018-05-29 21:39:23','2018-05-29 21:39:23',3,'f72bb668d6bf46b394cde0872ae71ccf','2018-05-29 21:39:33',1),(127,'2018-05-29 21:39:33','2018-05-29 21:39:33',3,'a257f919f27d4390a09a2bfdacbada84','2018-05-29 21:39:43',1),(128,'2018-05-29 21:40:49','2018-05-29 21:40:49',3,'42e26dc7705344b498ee229058488cd5','2018-05-29 21:41:00',1),(129,'2018-05-29 21:41:09','2018-05-29 21:41:09',1,'5b9fa97efdbf480db715cafd768989c1','2018-05-29 21:41:19',1),(130,'2018-05-29 21:41:17','2018-05-29 21:41:17',3,'f7c80f24abf746798c6df877c48f22b2','2018-05-29 21:41:27',1),(131,'2018-05-29 21:41:20','2018-05-29 21:41:20',1,'65b8dd2ccc3e4232a653e688528664de','2018-05-29 21:41:30',1),(132,'2018-05-30 11:09:26','2018-05-30 11:09:26',3,'878ea7c7dbd544f299c5b3db45a33a66','2018-05-30 11:09:37',1),(133,'2018-05-30 14:39:25','2018-05-30 14:39:25',1,'99ef82896eb44df78bd87c1c25997d83','2018-05-30 14:39:35',1),(134,'2018-05-30 14:39:37','2018-05-30 14:39:37',1,'8d81bbc791cd48fdb4b9f4a007f58b14','2018-05-30 14:39:47',1),(135,'2018-05-30 14:39:38','2018-05-30 14:39:38',1,'95746b47eb2b4b3083d1056721951993','2018-05-30 14:39:49',1),(136,'2018-05-30 14:39:39','2018-05-30 14:39:39',1,'4c0c0e25d9e1418e8e7340703f200cea','2018-05-30 14:39:50',1),(137,'2018-05-30 14:39:40','2018-05-30 14:39:40',1,'f8100bd4383b47ffbce2a6feed5e087e','2018-05-30 14:39:51',1),(138,'2018-05-30 14:39:41','2018-05-30 14:39:41',1,'e41670ca45d3413abdb9c7f09a67ec7e','2018-05-30 14:39:52',1),(139,'2018-05-30 14:39:43','2018-05-30 14:39:43',1,'d1c7ed2df1d141bb9a64be67c8dbd6dc','2018-05-30 14:39:53',1),(140,'2018-05-30 14:39:44','2018-05-30 14:39:44',1,'0fd470cb73a64758a4cfde561c7d49c2','2018-05-30 14:39:54',1),(141,'2018-05-30 14:39:45','2018-05-30 14:39:45',1,'aa679a50fcd04d91b3a5c7e661329636','2018-05-30 14:39:55',1),(142,'2018-05-30 14:39:46','2018-05-30 14:39:46',1,'9f4f61da7ac94ee3a706cdc9221b3f87','2018-05-30 14:39:56',1),(143,'2018-05-30 14:39:47','2018-05-30 14:39:47',1,'a2fe1f2acf79415b80a89f4a9af539b9','2018-05-30 14:39:57',1),(144,'2018-05-30 14:39:48','2018-05-30 14:39:48',1,'72d1c42156874a5badf4200523c30569','2018-05-30 14:39:58',1),(145,'2018-05-30 14:39:48','2018-05-30 14:39:48',1,'336c2715a023490bab2832307cdf587e','2018-05-30 14:39:58',1),(146,'2018-05-30 14:39:48','2018-05-30 14:39:48',1,'7f6ab3ff7adc4fb8b4a17c4d8e3f19c9','2018-05-30 14:39:59',1),(147,'2018-05-30 14:39:58','2018-05-30 14:39:58',1,'62298557fddd4d0ebd075099e5528102','2018-05-30 14:40:08',1),(148,'2018-05-30 14:39:59','2018-05-30 14:39:59',1,'2a90ed798a9a475398a8abfbe14f1951','2018-05-30 14:40:09',1),(149,'2018-05-30 14:39:59','2018-05-30 14:39:59',1,'d09d2ed8ad2144b39f22bbd69f8a291a','2018-05-30 14:40:10',1),(150,'2018-05-30 14:40:00','2018-05-30 14:40:00',1,'c540bd3d0c1249dc8de3abd1c23f07fe','2018-05-30 14:40:11',1),(151,'2018-05-30 14:40:01','2018-05-30 14:40:01',1,'65bec785dcd24f91aa057f4556bc012d','2018-05-30 14:40:12',1),(152,'2018-05-30 14:40:02','2018-05-30 14:40:02',1,'b24b6a3e9fb14c5b87f5080660c8469b','2018-05-30 14:40:13',1),(153,'2018-05-30 14:40:03','2018-05-30 14:40:03',1,'ab64eea84cc547aead6c487dccbdb1d1','2018-05-30 14:40:14',1),(154,'2018-05-30 14:40:04','2018-05-30 14:40:04',1,'6cda9b6dc2e1421a9c82147951171a6a','2018-05-30 14:40:15',1),(155,'2018-05-30 14:40:05','2018-05-30 14:40:05',1,'f1d1218596f54b32a82ec19caa4d99b5','2018-05-30 14:40:15',1),(156,'2018-05-30 14:40:06','2018-05-30 14:40:06',1,'691be4c0a5d24469a2ac0ae1250bba13','2018-05-30 14:40:16',1),(157,'2018-05-30 14:40:07','2018-05-30 14:40:07',1,'6d7857f43cc7487a9178414d48d95746','2018-05-30 14:40:17',1),(158,'2018-05-30 14:40:08','2018-05-30 14:40:08',1,'f7a2ebcf15ed4458a91296cc6a4e918a','2018-05-30 14:40:18',1),(159,'2018-05-30 14:40:18','2018-05-30 14:40:18',1,'ac37e744aa9e4acd9534cdc14a9e546d','2018-05-30 14:40:29',1),(160,'2018-05-30 14:40:19','2018-05-30 14:40:19',1,'1bd0207548794f91b0406b1e84028fec','2018-05-30 14:40:30',1),(161,'2018-05-30 14:40:20','2018-05-30 14:40:20',1,'71724fccea004465a5ba4a0371d4d8f6','2018-05-30 14:40:31',1),(162,'2018-05-30 14:40:21','2018-05-30 14:40:21',1,'71b88785b2614004822a2c250ee7bc61','2018-05-30 14:40:32',1),(163,'2018-05-30 14:40:22','2018-05-30 14:40:22',1,'0e78c121aa5449e789b948be9089c413','2018-05-30 14:40:33',1),(164,'2018-05-30 14:40:23','2018-05-30 14:40:23',1,'5ac0a82dc0aa411b9e5d51ad64617b8c','2018-05-30 14:40:34',1),(165,'2018-05-30 14:40:24','2018-05-30 14:40:24',1,'8e2f68d650dc4f10816f75f7f7508aff','2018-05-30 14:40:35',1),(166,'2018-05-30 14:40:25','2018-05-30 14:40:25',1,'976c1420a7e940dcb4e05e2c7a7c0a40','2018-05-30 14:40:36',1),(167,'2018-05-30 14:40:26','2018-05-30 14:40:26',1,'f3cd289d6ab6463798eda7fabe0d4d47','2018-05-30 14:40:36',1),(168,'2018-05-30 14:40:27','2018-05-30 14:40:27',1,'fb39d920e32c426ea4c208db425759a7','2018-05-30 14:40:37',1),(169,'2018-05-30 14:40:28','2018-05-30 14:40:28',1,'ca2ffa5e9ecf470c846799cdb4ac1052','2018-05-30 14:40:38',1),(170,'2018-05-30 14:40:29','2018-05-30 14:40:29',1,'832278c6d59941959c7845a6d3e0edd4','2018-05-30 14:40:39',1),(171,'2018-05-30 14:40:38','2018-05-30 14:40:38',2,'4ff2c4f945bc4831a30f513fb6002f74','2018-05-30 14:40:48',1),(172,'2018-05-30 17:51:59','2018-05-30 17:51:59',14,'58e06db4a06b46dda0dfb6c643479ee5','2018-05-30 17:52:10',1),(173,'2018-05-30 17:52:09','2018-05-30 17:52:09',14,'b26c726de1144e289eff5bb262a35232','2018-05-30 17:52:20',1),(174,'2018-05-30 17:52:28','2018-05-30 17:52:28',14,'f4ac5f3205b3441ab553bd2322c1c83f','2018-05-30 17:52:38',1),(175,'2018-05-30 17:52:30','2018-05-30 17:52:30',14,'7cdc055639e44aa5b00a499d0d0209cb','2018-05-30 17:52:41',1),(176,'2018-05-30 17:52:33','2018-05-30 17:52:33',14,'b6105f2a35dd44fca2dc87d6c56c7182','2018-05-30 17:52:43',1),(177,'2018-05-30 17:52:35','2018-05-30 17:52:35',14,'0d814574648449b4a26f01b518427dcb','2018-05-30 17:52:46',1),(178,'2018-05-30 17:52:37','2018-05-30 17:52:37',14,'026d3f5b78dd429fb2aed53aaf91cde7','2018-05-30 17:52:47',1),(179,'2018-05-30 17:52:39','2018-05-30 17:52:39',14,'28ab6e3d3e4d443b81b3dc9011bf3d81','2018-05-30 17:52:49',1),(180,'2018-05-30 17:52:41','2018-05-30 17:52:41',14,'790b8dab501f4764ad686bdea3cba6a6','2018-05-30 17:52:52',1),(181,'2018-05-30 17:55:21','2018-05-30 17:55:21',2,'6f9162be7d9f4a0cbcb67c0106bab7e5','2018-05-30 17:55:32',1),(182,'2018-05-30 17:55:27','2018-05-30 17:55:27',5,'6c54c307446446eda6991381f0a93ce9','2018-05-30 17:55:38',1),(183,'2018-05-30 17:55:31','2018-05-30 17:55:31',5,'aa3ee2001d9a4a62974923e0a052137d','2018-05-30 17:55:42',1),(184,'2018-05-30 17:56:04','2018-05-30 17:56:04',3,'06cf1243a7b34d12919430ce80999015','2018-05-30 17:56:14',1),(185,'2018-05-30 17:57:02','2018-05-30 17:57:02',14,'ac4ad07f01b74ab2b218b7550d141420','2018-05-30 17:57:13',1),(186,'2018-05-30 18:12:14','2018-05-30 18:12:14',14,'3a5dee1227404527ad43f852ac756fa5','2018-05-30 18:12:24',1),(187,'2018-05-30 18:12:17','2018-05-30 18:12:17',14,'a44738bd340c47e4a5299537a52b7804','2018-05-30 18:12:27',1),(188,'2018-05-30 18:12:19','2018-05-30 18:12:19',14,'0742cccd4fc3453b979b7cf2173a1ba5','2018-05-30 18:12:29',1),(189,'2018-05-30 18:12:26','2018-05-30 18:12:26',14,'5da8b4f8bbdd415da668519875da94d2','2018-05-30 18:12:37',1),(190,'2018-05-30 18:12:37','2018-05-30 18:12:37',14,'c1cc7d4ae89040589300576d9631fcc1','2018-05-30 18:12:48',1),(191,'2018-05-30 18:13:10','2018-05-30 18:13:10',14,'719d77b6f0fb4fc99ca9a15390e4123e','2018-05-30 18:13:20',1),(192,'2018-05-30 18:14:06','2018-05-30 18:14:06',3,'aacb5ff654144f46a5accc4a29031389','2018-05-30 18:14:16',1),(193,'2018-05-30 18:15:42','2018-05-30 18:15:42',14,'934c2f30927d4e88a49261fe577e94fe','2018-05-30 18:15:53',1),(194,'2018-05-30 18:15:48','2018-05-30 18:15:48',14,'126b4bfac6a346eb809dcfb32a673db0','2018-05-30 18:15:58',1),(195,'2018-05-30 18:15:58','2018-05-30 18:15:58',14,'22f289c39701448bafe76e5b44d4a0c7','2018-05-30 18:16:09',1),(196,'2018-05-30 18:15:59','2018-05-30 18:15:59',3,'28841f6605a044079f59c34c093ba147','2018-05-30 18:16:09',1),(197,'2018-05-30 18:16:04','2018-05-30 18:16:04',14,'a5cefc37f4d64bd0afbdc1adda7f3a5e','2018-05-30 18:16:14',1),(198,'2018-05-30 21:33:46','2018-05-30 21:33:46',13,'a3b6d90028c8421584252fe2c7f7877c','2018-05-30 21:33:56',1),(199,'2018-05-30 21:35:15','2018-05-30 21:35:15',13,'a0bb5c68a1364315beac365bc323d122','2018-05-30 21:35:26',1),(200,'2018-05-31 11:45:14','2018-05-31 11:45:14',16,'1c8ffb0263e946cd83a04c3a2daaf12c','2018-05-31 11:45:25',1),(201,'2018-05-31 11:45:24','2018-05-31 11:45:24',16,'aaeff6c632494df09612b81df58d55d4','2018-05-31 11:45:35',1),(202,'2018-05-31 11:45:34','2018-05-31 11:45:34',16,'c6d1e5bb89bd45518b7a6fb6c1edad44','2018-05-31 11:45:45',1),(203,'2018-05-31 11:45:38','2018-05-31 11:45:38',16,'a9381f791e4a4e71a48763686f6cb231','2018-05-31 11:45:48',1),(204,'2018-05-31 11:45:51','2018-05-31 11:45:51',16,'4d2079b102964bc4a002ea12ad8294c8','2018-05-31 11:46:02',1),(205,'2018-05-31 16:52:26','2018-05-31 16:52:26',17,'80826a5b3b0a4364b3df86744e20f7aa','2018-05-31 16:52:37',1),(206,'2018-05-31 16:52:38','2018-05-31 16:52:38',17,'df83ee81edf24bf592018db9138b2e64','2018-05-31 16:52:48',1),(207,'2018-05-31 16:52:39','2018-05-31 16:52:39',17,'a81b31d081a54219b081abeac6dc3e65','2018-05-31 16:52:50',1),(208,'2018-05-31 16:52:50','2018-05-31 16:52:50',17,'d72b942d22554d4382cd4ee77d4a789d','2018-05-31 16:53:00',1),(209,'2018-05-31 16:52:51','2018-05-31 16:52:51',17,'77e6c94c6a2c428e8ff7b0dd072978dc','2018-05-31 16:53:01',1),(210,'2018-05-31 16:53:02','2018-05-31 16:53:02',17,'5ec84bce72d44cc3bcb7f36ecdd31634','2018-05-31 16:53:12',1),(211,'2018-05-31 16:53:03','2018-05-31 16:53:03',17,'e04fb664561d4ef9a773bb7489707f4a','2018-05-31 16:53:13',1),(212,'2018-05-31 16:53:14','2018-05-31 16:53:14',17,'389439b99244469cac9bb787b1c1d6c7','2018-05-31 16:53:24',1),(213,'2018-05-31 16:53:15','2018-05-31 16:53:15',17,'48a7ad311de445bdbaa6c263010b1d64','2018-05-31 16:53:26',1);

#
# Structure for table "register_mem"
#

DROP TABLE IF EXISTS `register_mem`;
CREATE TABLE `register_mem` (
  `Id` bigint(20) NOT NULL AUTO_INCREMENT,
  `create_time` timestamp NOT NULL DEFAULT CURRENT_TIMESTAMP ON UPDATE CURRENT_TIMESTAMP,
  `last_modify_time` timestamp NOT NULL DEFAULT CURRENT_TIMESTAMP ON UPDATE CURRENT_TIMESTAMP,
  `register_id` bigint(20) unsigned DEFAULT '0' COMMENT '签到id',
  `sno` varchar(255) NOT NULL DEFAULT ' ' COMMENT '学生ID',
  `name` varchar(255) DEFAULT NULL COMMENT '学生姓名',
  `classes` varchar(255) DEFAULT '' COMMENT '班级',
  `code` varchar(255) NOT NULL DEFAULT '' COMMENT '签到码',
  `type` varchar(255) DEFAULT '' COMMENT '签到类型',
  `comments` varchar(255) DEFAULT '' COMMENT '备注',
  `status` int(11) unsigned NOT NULL DEFAULT '1' COMMENT '状态',
  PRIMARY KEY (`Id`),
  UNIQUE KEY `name_reg` (`register_id`,`sno`) USING BTREE
) ENGINE=InnoDB AUTO_INCREMENT=43 DEFAULT CHARSET=utf8 COMMENT='签到-人员';

#
# Data for table "register_mem"
#

INSERT INTO `register_mem` VALUES (1,'2018-05-25 16:13:03','2018-05-25 16:13:03',1,'201470044226','李亮亮',NULL,'0','补签','迟到',1),(2,'2018-05-25 16:12:57','2018-05-25 16:12:57',1,'201719192222','张景茹',NULL,'0','补签','有事',1),(4,'2018-05-25 16:12:55','2018-05-25 16:12:55',3,'201719192406','周小玉',NULL,'0','补签','当当',1),(5,'2018-05-25 16:12:52','2018-05-25 16:12:52',2,'201470044226','李亮亮',NULL,'0','补签','迟到',1),(6,'2018-05-25 16:12:48','2018-05-25 16:12:48',3,'201470024220','贾慧强','RB软工移142','0','正常',NULL,1),(8,'2018-05-25 16:13:09','2018-05-25 16:13:09',2,'201470024220','贾慧强','RB软工移142','0','正常',NULL,1),(9,'2018-05-25 16:13:12','2018-05-25 16:13:12',1,'201619160415','李通','RB软工互164','0','正常',NULL,1),(10,'2018-05-25 16:13:14','2018-05-25 16:13:14',2,'201619160415','李通','RB软工互164','0','正常',NULL,1),(11,'2018-05-25 16:13:15','2018-05-25 16:13:15',3,'201619160415','李通','RB软工互164','0','正常',NULL,1),(15,'2018-05-25 16:24:20','2018-05-25 16:24:20',3,'201719262426','刘稳','RZ测试174','e645cf29f14b4f339d37bb6aaf585c47','正常',NULL,1),(16,'2018-05-25 16:28:16','2018-05-25 16:28:16',3,'201719212337',NULL,NULL,'0','补签','退团',1),(17,'2018-05-25 16:31:11','2018-05-25 16:31:11',1,'201719244106','郭豫川','Rb软工数171','c7b8fd59bd7446d58c8889b5abbbd492','正常',NULL,1),(18,'2018-05-25 16:31:32','2018-05-25 16:31:32',2,'201719244106','郭豫川','Rb软工数171','3b0f636130074f2286b96a72b247dfde','正常',NULL,1),(20,'2018-05-25 16:34:20','2018-05-25 16:34:20',3,'201719244106','郭豫川','Rb软工数171','947eaec8c6794295b87daf78bf8bdf99','正常',NULL,1),(24,'2018-05-25 16:45:00','2018-05-25 16:45:00',1,'201719212125','李梦蝶','RZ软技移动171','030071ef842344f281825c3bc990c814','正常',NULL,1),(25,'2018-05-25 16:51:26','2018-05-25 16:51:26',2,'201719212125','李梦蝶','RZ软技移动171','30f0b702abba4f98a8ce2d3a7ec64dab','正常',NULL,1),(26,'2018-05-25 16:54:20','2018-05-25 16:54:20',1,'201470024220','贾慧强','RB软工移142','c04c4bdb8e574c17b922decb89c32d21','正常',NULL,1),(36,'2018-05-29 21:41:19','2018-05-29 21:41:19',3,'201470044226','李亮亮','卓越141','f7c80f24abf746798c6df877c48f22b2','正常',NULL,1),(39,'2018-05-31 11:45:26','2018-05-31 11:45:26',16,'201470034106','李向','RB软工金141','aaeff6c632494df09612b81df58d55d4','正常',NULL,1),(40,'2018-05-31 11:45:42','2018-05-31 11:45:42',16,'201470024220','贾慧强','RB软工移142','a9381f791e4a4e71a48763686f6cb231','正常',NULL,1),(41,'2018-05-31 16:52:35','2018-05-31 16:52:35',17,'201470044226','李亮亮','卓越141','80826a5b3b0a4364b3df86744e20f7aa','正常',NULL,1);

#
# Structure for table "role_res_menu"
#

DROP TABLE IF EXISTS `role_res_menu`;
CREATE TABLE `role_res_menu` (
  `id` int(11) NOT NULL AUTO_INCREMENT COMMENT '主键',
  `reseouce_id` int(11) NOT NULL,
  `role_id` int(11) NOT NULL,
  `res_menu` varchar(128) NOT NULL,
  `role_name` varchar(128) NOT NULL,
  `update_time` timestamp NOT NULL DEFAULT CURRENT_TIMESTAMP ON UPDATE CURRENT_TIMESTAMP COMMENT '更新时间',
  `create_time` timestamp NOT NULL DEFAULT CURRENT_TIMESTAMP COMMENT '创建时间',
  PRIMARY KEY (`id`),
  KEY `reseouce_id` (`reseouce_id`),
  KEY `role_id` (`role_id`)
) ENGINE=InnoDB DEFAULT CHARSET=utf8 COMMENT='资源菜单-角色';

#
# Data for table "role_res_menu"
#


#
# Structure for table "semester"
#

DROP TABLE IF EXISTS `semester`;
CREATE TABLE `semester` (
  `Id` bigint(20) NOT NULL AUTO_INCREMENT,
  `create_time` timestamp NULL DEFAULT CURRENT_TIMESTAMP ON UPDATE CURRENT_TIMESTAMP COMMENT '创建时间',
  `last_modify_time` timestamp NULL DEFAULT CURRENT_TIMESTAMP ON UPDATE CURRENT_TIMESTAMP,
  `name` varchar(255) DEFAULT '' COMMENT '学期名称',
  `start_time` datetime DEFAULT '2000-01-01 12:00:00' COMMENT '开始时间',
  `end_time` datetime DEFAULT '2000-01-01 12:00:00' COMMENT '结束时间',
  `is_current` int(11) DEFAULT '0' COMMENT '是否当前学期',
  `status` int(11) DEFAULT '0' COMMENT '状态',
  PRIMARY KEY (`Id`)
) ENGINE=InnoDB AUTO_INCREMENT=2 DEFAULT CHARSET=utf8 COMMENT='学期表';

#
# Data for table "semester"
#

INSERT INTO `semester` VALUES (1,'2018-02-03 14:59:52','2018-02-03 14:59:52','33455','2018-02-03 14:58:54','2018-02-03 14:58:54',1,1);

#
# Structure for table "sys_organization"
#

DROP TABLE IF EXISTS `sys_organization`;
CREATE TABLE `sys_organization` (
  `id` bigint(20) NOT NULL AUTO_INCREMENT COMMENT 'id 主键',
  `name` varchar(100) DEFAULT NULL COMMENT '组织名',
  `parent_id` bigint(20) DEFAULT NULL COMMENT '父组织',
  `parent_ids` varchar(100) DEFAULT NULL COMMENT '组织路径',
  `pet_name` varchar(255) DEFAULT NULL COMMENT '别称',
  `logo_url` varchar(255) DEFAULT NULL,
  `president_name` varchar(255) DEFAULT NULL COMMENT '社长名称、',
  `president_sno` varchar(255) DEFAULT NULL COMMENT '社长学号',
  `available` tinyint(1) DEFAULT '1' COMMENT '是否可用0：不可用；1可用',
  `create_time` timestamp NULL DEFAULT CURRENT_TIMESTAMP,
  `update_time` timestamp NULL DEFAULT NULL,
  PRIMARY KEY (`id`),
  UNIQUE KEY `presentsno` (`president_sno`) USING BTREE,
  KEY `idx_sys_organization_parent_id` (`parent_id`),
  KEY `idx_sys_organization_parent_ids` (`parent_ids`)
) ENGINE=InnoDB AUTO_INCREMENT=20 DEFAULT CHARSET=utf8;

#
# Data for table "sys_organization"
#

INSERT INTO `sys_organization` VALUES (2,'读书协会',1,'0/1/','读书协会',NULL,'宋鎏鑫','201470024231',1,'2018-05-05 18:05:06',NULL),(5,'心理协会',NULL,NULL,'心理协会',NULL,'贾慧强','201470024220',1,'2018-05-05 18:05:06',NULL),(6,'书法协会',NULL,NULL,'书法协会',NULL,'王道远','201470033423',1,'2018-05-05 18:05:06',NULL),(7,'民族舞',NULL,NULL,'民族舞',NULL,'李亮亮','201470044226',1,'2018-05-05 18:05:06',NULL),(8,'健美操协会',NULL,NULL,'健美操协会',NULL,'李志磊','201470024230',1,'2018-05-16 08:15:14',NULL),(13,'足球社',NULL,NULL,'足球社',NULL,'刘博文','201470024218',1,'2018-05-24 18:19:36',NULL),(14,'芭蕾社',NULL,NULL,'芭蕾社',NULL,'李梦歌','201619040104',1,'2018-05-24 18:21:09',NULL),(18,'轮滑社',NULL,NULL,'轮滑',NULL,'李向','201470034106',1,'2018-05-31 11:30:56','2018-05-31 11:30:56'),(19,'吉他社',NULL,NULL,'guitar',NULL,'李','20147003410000',1,'2018-05-31 16:33:25','2018-05-31 16:33:25');

#
# Structure for table "sys_resource"
#

DROP TABLE IF EXISTS `sys_resource`;
CREATE TABLE `sys_resource` (
  `id` bigint(20) NOT NULL AUTO_INCREMENT COMMENT '资源id',
  `name` varchar(100) DEFAULT NULL COMMENT '资源名称',
  `type` varchar(50) DEFAULT NULL COMMENT '类型：菜单：按钮',
  `url` varchar(200) DEFAULT NULL COMMENT 'url地址',
  `parent_id` bigint(20) DEFAULT NULL COMMENT '父id',
  `parent_ids` varchar(100) DEFAULT NULL COMMENT '资源总路径',
  `permission` varchar(100) DEFAULT NULL COMMENT '权限',
  `available` tinyint(1) DEFAULT '0' COMMENT '是否可用:0不可用；1可用：',
  `pc_icon` varchar(255) NOT NULL DEFAULT '' COMMENT '图标',
  `app_icon` varchar(255) NOT NULL DEFAULT '',
  PRIMARY KEY (`id`),
  KEY `idx_sys_resource_parent_id` (`parent_id`),
  KEY `idx_sys_resource_parent_ids` (`parent_ids`)
) ENGINE=InnoDB AUTO_INCREMENT=50 DEFAULT CHARSET=utf8;

#
# Data for table "sys_resource"
#

INSERT INTO `sys_resource` VALUES (1,'活动中心',NULL,'/activity',0,NULL,NULL,0,'fa fa-calendar',''),(2,'申请活动',NULL,'/activity/add',1,NULL,NULL,0,'fa fa-plus',''),(3,'审核活动',NULL,'/activity/audit',1,NULL,NULL,0,'fa fa-filter',''),(4,'我的申请',NULL,'/activity/mymass',1,NULL,NULL,0,'fa fa-user',''),(5,'查询活动',NULL,'/activity/query',1,NULL,NULL,0,'fa fa-search',''),(6,'最近活动',NULL,'/activity/lately',1,NULL,NULL,0,'fa fa-hourglass',''),(7,'财务中心',NULL,'/fina',0,NULL,NULL,0,'fa fa-money',''),(8,'申请',NULL,'/fina/add',7,NULL,NULL,0,'fa fa-plus',''),(9,'审核财务',NULL,'/fina/audit',7,NULL,NULL,0,'fa fa-filter',''),(10,'社团财务',NULL,'/fina/mymass',7,NULL,NULL,0,'fa fa-user',''),(11,'财务查询',NULL,'/fina/query',7,NULL,NULL,0,'fa fa-search',''),(12,'系统设置',NULL,'/system',0,NULL,NULL,0,'fa fa-cog',''),(13,'角色',NULL,'/system/role',12,NULL,NULL,0,'fa fa-wrench',''),(17,'社团中心',NULL,'/massed',0,NULL,NULL,0,'fa fa-cube',''),(18,'申请社团',NULL,'/massed/create',17,NULL,NULL,0,'fa fa-plus',''),(19,'社团列表',NULL,'/massed/see',17,NULL,NULL,0,'fa fa-bars',''),(20,'投票中心',NULL,'/vote',0,NULL,NULL,0,'fa fa-balance-scale',''),(21,'创建',NULL,'/vote/create',20,NULL,NULL,0,'fa fa-plus',''),(22,'投票',NULL,'/vote/voted',20,NULL,NULL,0,'fa fa-eye',''),(23,'我的创建',NULL,'/vote/see',20,NULL,NULL,0,'fa fa-user',''),(25,'通知中心',NULL,'/notice',0,NULL,NULL,0,'fa fa-bell',''),(26,'新建通知',NULL,'/notice/create',25,NULL,NULL,0,'fa fa-plus',''),(27,'查询通知',NULL,'/notice/query',25,NULL,NULL,0,'fa fa-search',''),(28,'签到中心',NULL,'/sign',0,NULL,NULL,0,'fa fa-pencil',''),(29,'创建签到',NULL,'/sign/create',28,NULL,NULL,0,'fa fa-plus',''),(30,'签到查询',NULL,'/sign/slist',28,NULL,NULL,0,'fa fa-search',''),(33,'用户管理',NULL,'/user',0,NULL,NULL,0,'fa fa-address-book',''),(34,'用户查询',NULL,'/user/query',33,NULL,NULL,0,'fa fa-search',''),(35,'社团用户',NULL,'/user/manage',33,NULL,NULL,0,'fa fa-users',''),(36,'审核用户',NULL,'/user/check',33,NULL,NULL,0,'fa fa-filter',''),(37,'用户管理',NULL,'/system/user',12,NULL,NULL,0,'fa fa-user-plus',''),(38,'查询投票',NULL,'/vote/query',20,NULL,NULL,0,'fa fa-search',''),(40,'我的创建',NULL,'/sign/mycreate',28,NULL,NULL,0,'fa fa-user',''),(41,'我的创建',NULL,'/notice/mycreate',25,NULL,NULL,0,'fa fa-user',''),(42,'我的通知',NULL,'/notice/my',25,NULL,NULL,0,'fa fa-eye',''),(44,'首页',NULL,'/home',0,NULL,NULL,0,'fa fa-home',''),(45,'社长管理',NULL,'/system/mass',12,NULL,NULL,0,'fa fa-cube',''),(46,'班级管理',NULL,'/system/classes',12,NULL,NULL,0,'',''),(47,'我的申请',NULL,'/massed/mycreate',17,NULL,NULL,0,'',''),(48,'审核社团',NULL,'/massed/audit',17,NULL,NULL,0,'',''),(49,'我的社团',NULL,'/massed/my',17,NULL,NULL,0,'','');

#
# Structure for table "sys_role"
#

DROP TABLE IF EXISTS `sys_role`;
CREATE TABLE `sys_role` (
  `id` bigint(20) NOT NULL AUTO_INCREMENT,
  `role` varchar(100) DEFAULT NULL,
  `description` varchar(100) DEFAULT NULL,
  `resource_ids_str` varchar(100) DEFAULT NULL,
  `available` tinyint(1) DEFAULT '0',
  `role_level` int(11) DEFAULT '0' COMMENT '角色级别 ：0：普通 ；1：普通管理员；2：超级管理',
  `createTime` timestamp NULL DEFAULT CURRENT_TIMESTAMP,
  `updateTime` timestamp NULL DEFAULT CURRENT_TIMESTAMP,
  PRIMARY KEY (`id`),
  KEY `idx_sys_role_resource_ids` (`resource_ids_str`)
) ENGINE=InnoDB AUTO_INCREMENT=9 DEFAULT CHARSET=utf8;

#
# Data for table "sys_role"
#

INSERT INTO `sys_role` VALUES (1,'admin','超级管理员','11,21,33,35,41,',1,0,'2018-05-06 13:13:41','2018-05-06 13:13:41'),(2,'社长','社长使用权限','11,12,13,14,15',1,0,'2018-05-06 13:13:41','2018-05-06 13:13:41'),(3,'财务管理','财务部使用权限','46,53,57,63,67,71,77,81',1,0,'2018-05-06 13:13:41','2018-05-06 13:13:41'),(4,'活动管理','办公室使用权限','3423',1,0,'2018-05-15 10:58:43','2018-05-15 10:58:43'),(5,'签到管理','督察部使用权限','456',1,0,'2018-05-06 13:13:41','2018-05-06 13:13:41'),(6,'投票管理','文案秘书部使用权限',NULL,0,0,'2018-05-18 15:07:00','2018-05-18 15:07:00'),(7,'物资管理','活动部使用权限',NULL,0,0,'2018-05-18 15:07:18','2018-05-18 15:07:18'),(8,'普通用户','学生应有的权限',NULL,1,0,'2018-05-19 19:59:26','2018-05-19 19:59:26');

#
# Structure for table "sys_role_reource"
#

DROP TABLE IF EXISTS `sys_role_reource`;
CREATE TABLE `sys_role_reource` (
  `Id` bigint(20) NOT NULL AUTO_INCREMENT,
  `role_id` varchar(255) DEFAULT NULL,
  `resource_id` varchar(255) DEFAULT NULL,
  `status` int(11) DEFAULT NULL,
  PRIMARY KEY (`Id`)
) ENGINE=InnoDB AUTO_INCREMENT=150 DEFAULT CHARSET=utf8 COMMENT='资源角色对应表';

#
# Data for table "sys_role_reource"
#

INSERT INTO `sys_role_reource` VALUES (1,'1','1',1),(2,'1','2',0),(3,'1','3',0),(4,'1','5',1),(5,'1','6',1),(6,'1','7',1),(7,'1','9',0),(8,'1','11',1),(9,'1','12',1),(10,'1','13',1),(13,'4','2',1),(14,'4','1',1),(15,'4','3',1),(16,'4','0',0),(17,'4','5',1),(18,'4','4',1),(19,'4','6',1),(22,'1','0',0),(23,'1','4',0),(24,'1','8',0),(25,'1','10',0),(26,'4','9',0),(27,'4','10',0),(28,'4','7',0),(29,'4','8',0),(30,'3','1',1),(31,'3','4',0),(34,'3','3',0),(35,'0','1',1),(36,'0','7',1),(37,'0','8',1),(38,'0','10',1),(40,'3','2',0),(41,'3','6',1),(42,'2','1',1),(43,'2','6',1),(44,'3','7',1),(45,'3','8',1),(46,'3','10',0),(47,'2','2',1),(48,'2','4',1),(49,'2','7',1),(50,'2','8',1),(51,'2','10',1),(54,'1','24',0),(56,'1','37',1),(57,'1','17',1),(58,'1','18',0),(59,'1','19',1),(60,'1','20',1),(61,'1','21',0),(62,'1','22',1),(63,'1','23',1),(64,'1','25',1),(65,'1','26',0),(66,'1','27',1),(67,'1','28',1),(68,'1','29',0),(69,'1','30',1),(70,'1','31',0),(71,'1','32',0),(72,'1','33',0),(73,'1','34',0),(74,'1','35',0),(75,'1','36',0),(76,'1','38',1),(77,'1','39',0),(78,'1','40',0),(79,'1','41',0),(80,'1','42',1),(81,'3','9',1),(82,'3','11',1),(83,'3','22',1),(84,'3','25',0),(85,'3','42',0),(86,'3','33',1),(87,'3','34',0),(88,'3','35',0),(89,'8','1',1),(90,'8','6',1),(91,'8','17',1),(92,'8','19',1),(93,'8','20',1),(94,'8','22',1),(95,'8','25',1),(96,'8','42',1),(97,'2','17',1),(98,'2','19',1),(99,'2','20',1),(100,'2','21',1),(101,'2','22',1),(102,'2','23',1),(103,'2','25',1),(104,'2','26',1),(105,'2','41',1),(106,'2','42',1),(107,'2','28',1),(108,'2','29',1),(109,'2','40',1),(110,'2','33',1),(111,'2','35',1),(112,'2','36',1),(113,'1','44',1),(114,'1','45',1),(115,'1','46',1),(116,'1','47',0),(117,'1','48',1),(118,'1','49',1),(119,'8','44',1),(120,'2','49',1),(121,'2','44',1),(122,'7','7',1),(123,'5','5',1),(124,'5','6',1),(125,'5','28',1),(126,'5','29',1),(127,'5','30',1),(128,'5','40',1),(129,'5','1',1),(130,'2','30',0),(131,'3','19',1),(132,'3','20',1),(133,'5','19',1),(134,'5','22',1),(135,'4','17',1),(136,'4','19',1),(137,'4','20',1),(138,'4','22',1),(139,'6','1',1),(140,'6','5',1),(141,'6','19',0),(142,'6','20',1),(143,'6','21',1),(144,'6','22',1),(145,'6','23',1),(146,'6','38',1),(147,'8','18',1),(148,'8','47',1),(149,'8','49',1);

#
# Structure for table "sys_user"
#

DROP TABLE IF EXISTS `sys_user`;
CREATE TABLE `sys_user` (
  `id` bigint(20) NOT NULL AUTO_INCREMENT,
  `organization_id` bigint(20) DEFAULT NULL COMMENT '组织id',
  `username` varchar(100) NOT NULL DEFAULT '' COMMENT '用户名',
  `name` varchar(100) NOT NULL DEFAULT '' COMMENT '用户姓名',
  `password` varchar(100) DEFAULT '4QrcOUm6Wau+VuBX8g+IPg==' COMMENT '密码',
  `sex` varchar(20) DEFAULT NULL COMMENT '性别',
  `create_time` datetime DEFAULT NULL COMMENT '创建时间',
  `grade` varchar(100) DEFAULT NULL COMMENT '年级',
  `email` varchar(100) DEFAULT NULL COMMENT '邮箱',
  `phone` varchar(100) DEFAULT NULL COMMENT '手机号',
  `salt` varchar(100) DEFAULT NULL COMMENT '秘钥',
  `role_ids_str` varchar(100) DEFAULT NULL COMMENT '所拥有的角色ids',
  `locked` tinyint(1) DEFAULT '0' COMMENT '是否锁定0：不锁定；1锁定',
  `head_img` varchar(255) DEFAULT NULL COMMENT '头像',
  PRIMARY KEY (`id`),
  UNIQUE KEY `idx_sys_user_username` (`username`),
  KEY `idx_sys_user_organization_id` (`organization_id`)
) ENGINE=InnoDB AUTO_INCREMENT=238 DEFAULT CHARSET=utf8;

#
# Data for table "sys_user"
#

INSERT INTO `sys_user` VALUES (1,NULL,'201307104106','范虎子','4QrcOUm6Wau+VuBX8g+IPg==',NULL,NULL,'RB软工数164',NULL,'13333644222',NULL,NULL,0,NULL),(2,NULL,'201619160415','李通','4QrcOUm6Wau+VuBX8g+IPg==',NULL,NULL,'RB软工互164',NULL,'15638152193',NULL,NULL,0,NULL),(4,NULL,'201619240119','雒晓辉','4QrcOUm6Wau+VuBX8g+IPg==',NULL,NULL,'RB软工数161',NULL,'18239260706',NULL,NULL,0,NULL),(5,NULL,'201619150319','王杨','4QrcOUm6Wau+VuBX8g+IPg==',NULL,NULL,'RB软工金163',NULL,'13592019269',NULL,NULL,0,NULL),(6,NULL,'201619150424','刘铮飒','4QrcOUm6Wau+VuBX8g+IPg==',NULL,NULL,'RB软工金164',NULL,'15237257563',NULL,NULL,0,NULL),(7,NULL,'201619160215','吴泽华','4QrcOUm6Wau+VuBX8g+IPg==',NULL,NULL,'RB软工互162',NULL,'15893683237',NULL,NULL,0,NULL),(8,NULL,'201619160211','张世豪','4QrcOUm6Wau+VuBX8g+IPg==',NULL,NULL,'RB软工互162',NULL,'15038336854',NULL,NULL,0,NULL),(9,NULL,'201719164309','周子童','4QrcOUm6Wau+VuBX8g+IPg==',NULL,NULL,'RB软工互173',NULL,'13298105590',NULL,NULL,0,NULL),(10,NULL,'201719144323','王帅','4QrcOUm6Wau+VuBX8g+IPg==',NULL,NULL,'RB软工移173',NULL,'18638945971',NULL,NULL,0,NULL),(11,NULL,'201719164404','李金豪','4QrcOUm6Wau+VuBX8g+IPg==',NULL,NULL,'RB软工互174',NULL,'18860379050',NULL,NULL,0,NULL),(12,NULL,'201719244239','林兴森','4QrcOUm6Wau+VuBX8g+IPg==',NULL,NULL,'RB软工数172',NULL,'18240532286',NULL,NULL,0,NULL),(13,NULL,'201719144217','闫盟奇','4QrcOUm6Wau+VuBX8g+IPg==',NULL,NULL,'RB软工移172',NULL,'15136483268',NULL,NULL,0,NULL),(14,NULL,'201719212429','张淼','4QrcOUm6Wau+VuBX8g+IPg==',NULL,NULL,'RZ软技移动174',NULL,'15729301241',NULL,NULL,0,NULL),(15,NULL,'201719212305','徐颖','4QrcOUm6Wau+VuBX8g+IPg==',NULL,NULL,'RZ软技移动173',NULL,'15938630938',NULL,NULL,0,NULL),(16,NULL,'201619160232','胡锦春','4QrcOUm6Wau+VuBX8g+IPg==',NULL,NULL,'RB软工互162',NULL,'13525006528',NULL,NULL,0,NULL),(17,NULL,'201619160227','张睿懿','4QrcOUm6Wau+VuBX8g+IPg==',NULL,NULL,'RB软工互162',NULL,'13703997796',NULL,NULL,0,NULL),(18,NULL,'201719212332','韩晓静','4QrcOUm6Wau+VuBX8g+IPg==',NULL,NULL,'RZ软技移动173',NULL,'15893642633',NULL,NULL,0,NULL),(19,NULL,'201719212337','叶晓栋','4QrcOUm6Wau+VuBX8g+IPg==',NULL,NULL,'RZ软技移动173',NULL,'15993535160',NULL,NULL,0,NULL),(20,NULL,'201719212340','薛锐','4QrcOUm6Wau+VuBX8g+IPg==',NULL,NULL,'RZ软技移动173',NULL,'13253709214',NULL,NULL,0,NULL),(21,NULL,'201719164403','王甜甜','4QrcOUm6Wau+VuBX8g+IPg==',NULL,NULL,'RB软工互174',NULL,'18638328810',NULL,NULL,0,NULL),(22,NULL,'201619150210','陈彩艳','4QrcOUm6Wau+VuBX8g+IPg==',NULL,NULL,'RB软工金162',NULL,'15638175357',NULL,NULL,0,NULL),(23,NULL,'201619160135','王启凡','4QrcOUm6Wau+VuBX8g+IPg==',NULL,NULL,'RB软工互161',NULL,'18539479657',NULL,NULL,0,NULL),(24,NULL,'201619150409','高胜婕','4QrcOUm6Wau+VuBX8g+IPg==',NULL,NULL,'RB软工金164',NULL,'15839356553',NULL,NULL,0,NULL),(25,NULL,'201619240435','邢正龙','4QrcOUm6Wau+VuBX8g+IPg==',NULL,NULL,'RB软工数164',NULL,'18739052799',NULL,NULL,0,NULL),(26,NULL,'201719044216','胡杰','4QrcOUm6Wau+VuBX8g+IPg==',NULL,NULL,'RB软工网172',NULL,'13643965623',NULL,NULL,0,NULL),(27,NULL,'201719192406','周小玉','4QrcOUm6Wau+VuBX8g+IPg==',NULL,NULL,'RZ软技174',NULL,'13253433673',NULL,NULL,0,NULL),(28,NULL,'201719144133','张洲理','4QrcOUm6Wau+VuBX8g+IPg==',NULL,NULL,'RB软工移171',NULL,'15537673937',NULL,NULL,0,NULL),(29,NULL,'201719144137','周文博','4QrcOUm6Wau+VuBX8g+IPg==',NULL,NULL,'RB软工移171',NULL,'15565501651',NULL,NULL,0,NULL),(30,NULL,'201719192222','张景茹','4QrcOUm6Wau+VuBX8g+IPg==',NULL,NULL,'RZ软技172',NULL,'13460064064',NULL,NULL,0,NULL),(31,NULL,'201719144420','姚英博','4QrcOUm6Wau+VuBX8g+IPg==',NULL,NULL,'RB软工移174',NULL,'15617267087',NULL,NULL,0,NULL),(32,NULL,'201719144414','郜振琦','4QrcOUm6Wau+VuBX8g+IPg==',NULL,NULL,'RB软工移174',NULL,'13839287160',NULL,NULL,0,NULL),(33,NULL,'201719154112','王亚泽','4QrcOUm6Wau+VuBX8g+IPg==',NULL,NULL,'RB软工金171',NULL,'18790592032',NULL,NULL,0,NULL),(34,NULL,'201719144113','李子凡','4QrcOUm6Wau+VuBX8g+IPg==',NULL,NULL,'RB软工移171',NULL,'13298105245',NULL,NULL,0,NULL),(35,NULL,'201719164301','吴杰','4QrcOUm6Wau+VuBX8g+IPg==',NULL,NULL,'RB软工互173',NULL,'13283871702',NULL,NULL,0,NULL),(36,NULL,'201719164302','孟愈柯','4QrcOUm6Wau+VuBX8g+IPg==',NULL,NULL,'RB软工互173',NULL,'18336850055',NULL,NULL,0,NULL),(37,NULL,'201719244321','代林','4QrcOUm6Wau+VuBX8g+IPg==',NULL,NULL,'RB软工数173',NULL,'15638312995',NULL,NULL,0,NULL),(38,NULL,'201719154413','陈冰','4QrcOUm6Wau+VuBX8g+IPg==',NULL,NULL,'RB软工金174',NULL,'13253500875',NULL,NULL,0,NULL),(39,NULL,'201719164207','蒋金园','4QrcOUm6Wau+VuBX8g+IPg==',NULL,NULL,'RB软工互172',NULL,'17337774210',NULL,NULL,0,NULL),(40,NULL,'201719244211','侯亚坤','4QrcOUm6Wau+VuBX8g+IPg==',NULL,NULL,'RB软工数172',NULL,'15660900146',NULL,NULL,0,NULL),(41,NULL,'201719144337','李志成','4QrcOUm6Wau+VuBX8g+IPg==',NULL,NULL,'卓越171',NULL,'15136643460',NULL,NULL,0,NULL),(42,NULL,'201719192134','李硕','4QrcOUm6Wau+VuBX8g+IPg==',NULL,NULL,'RZ软技171',NULL,'18337076759',NULL,NULL,0,NULL),(43,NULL,'201719272204','张馨月','4QrcOUm6Wau+VuBX8g+IPg==',NULL,NULL,'RZ办公自动化172',NULL,'15638780718',NULL,NULL,0,NULL),(44,NULL,'201719044235','张愧松','4QrcOUm6Wau+VuBX8g+IPg==',NULL,NULL,'RB软工网172',NULL,'18339672183',NULL,NULL,0,NULL),(45,NULL,NULL,NULL,'4QrcOUm6Wau+VuBX8g+IPg==',NULL,NULL,NULL,NULL,NULL,NULL,NULL,0,NULL),(46,NULL,'201719154408','马梦圆','4QrcOUm6Wau+VuBX8g+IPg==',NULL,NULL,'RB软工金174',NULL,'18236685253',NULL,NULL,0,NULL),(47,NULL,'201619160137','刘轩','4QrcOUm6Wau+VuBX8g+IPg==',NULL,NULL,'RB软工互161',NULL,'13598122180',NULL,NULL,0,NULL),(48,NULL,'201619140232','季波','4QrcOUm6Wau+VuBX8g+IPg==',NULL,NULL,'卓越161',NULL,'18595417430',NULL,NULL,0,NULL),(49,NULL,'201619140117','姚继龙','4QrcOUm6Wau+VuBX8g+IPg==',NULL,NULL,'卓越161',NULL,'13283845601',NULL,NULL,0,NULL),(50,NULL,'201719154237','范琳丽','4QrcOUm6Wau+VuBX8g+IPg==',NULL,NULL,'RB软工金172',NULL,'15037087086',NULL,NULL,0,NULL),(51,NULL,'201719164219','娄夕萌','4QrcOUm6Wau+VuBX8g+IPg==',NULL,NULL,'RB软工互172',NULL,'18737384917',NULL,NULL,0,NULL),(52,NULL,'201719192215','赵萌','4QrcOUm6Wau+VuBX8g+IPg==',NULL,NULL,'RZ软技172',NULL,'13253433862',NULL,NULL,0,NULL),(53,NULL,'201719164433','赵艺','4QrcOUm6Wau+VuBX8g+IPg==',NULL,NULL,'RB软工互174',NULL,'15839559262',NULL,NULL,0,NULL),(54,NULL,'201719164339','权高原','4QrcOUm6Wau+VuBX8g+IPg==',NULL,NULL,'RB软工互173',NULL,'18272756482',NULL,NULL,0,NULL),(55,NULL,'201719244414','李敖典','4QrcOUm6Wau+VuBX8g+IPg==',NULL,NULL,'RB软工数174',NULL,'13253059626',NULL,NULL,0,NULL),(56,NULL,'201719244103','王林帅','4QrcOUm6Wau+VuBX8g+IPg==',NULL,NULL,'RB软工数171',NULL,'18703621987',NULL,NULL,0,NULL),(57,NULL,'201719244114','李丙潮','4QrcOUm6Wau+VuBX8g+IPg==',NULL,NULL,'RB软工数171',NULL,'13283871853',NULL,NULL,0,NULL),(58,NULL,'201719164412','赵秋孟','4QrcOUm6Wau+VuBX8g+IPg==',NULL,NULL,'RB软工互174',NULL,'17737147573',NULL,NULL,0,NULL),(59,NULL,'201719154326','韩钰','4QrcOUm6Wau+VuBX8g+IPg==',NULL,NULL,'RB软工金173',NULL,'13253500210',NULL,NULL,0,NULL),(60,NULL,'201719154309','闫锦锦','4QrcOUm6Wau+VuBX8g+IPg==',NULL,NULL,'RB软工金173',NULL,'15303818278',NULL,NULL,0,NULL),(61,NULL,'201719154328','王青','4QrcOUm6Wau+VuBX8g+IPg==',NULL,NULL,'RB软工金173',NULL,'13253500987',NULL,NULL,0,NULL),(62,NULL,'201719044213','董磊','4QrcOUm6Wau+VuBX8g+IPg==',NULL,NULL,'RB软工网172',NULL,'18237720454',NULL,NULL,0,NULL),(63,NULL,'201719164329','赵笛','4QrcOUm6Wau+VuBX8g+IPg==',NULL,NULL,'RB软工互173',NULL,'13949403233',NULL,NULL,0,NULL),(64,NULL,'201719154303','李鑫华','4QrcOUm6Wau+VuBX8g+IPg==',NULL,NULL,'RB软工金173',NULL,'15713709861',NULL,NULL,0,NULL),(65,NULL,'201619240138','高详','4QrcOUm6Wau+VuBX8g+IPg==',NULL,NULL,'RB软工数161',NULL,'18237472654',NULL,NULL,0,NULL),(66,NULL,'201619160216','高云鹏','4QrcOUm6Wau+VuBX8g+IPg==',NULL,NULL,'RB软工互162',NULL,'17629353105',NULL,NULL,0,NULL),(67,NULL,'201619160308','李萍','4QrcOUm6Wau+VuBX8g+IPg==',NULL,NULL,'RB软工互163',NULL,'18338649517',NULL,NULL,0,NULL),(68,NULL,'201619150214','孟磊','4QrcOUm6Wau+VuBX8g+IPg==',NULL,NULL,'RB金融162',NULL,NULL,NULL,NULL,0,NULL),(69,NULL,'201719144306','汤梦婷','4QrcOUm6Wau+VuBX8g+IPg==',NULL,NULL,'RB软工移173',NULL,'18039101376',NULL,NULL,0,NULL),(70,NULL,'201719164328','周琦','4QrcOUm6Wau+VuBX8g+IPg==',NULL,NULL,'RB软工互173',NULL,'15036296298',NULL,NULL,0,NULL),(71,NULL,'201719144313','刘鑫子','4QrcOUm6Wau+VuBX8g+IPg==',NULL,NULL,'RB软工移173',NULL,'15838316365',NULL,NULL,0,NULL),(72,NULL,'201719164416','崔慧格','4QrcOUm6Wau+VuBX8g+IPg==',NULL,NULL,'RB软工互174',NULL,'18790676918',NULL,NULL,0,NULL),(73,NULL,'201719262102','郭翔','4QrcOUm6Wau+VuBX8g+IPg==',NULL,NULL,'RZ软测171',NULL,'15037665689',NULL,NULL,0,NULL),(74,NULL,'201719182108','师方旭','4QrcOUm6Wau+VuBX8g+IPg==',NULL,NULL,'RZ互联网171',NULL,'15537421930',NULL,NULL,0,NULL),(75,NULL,'201719262314','张鑫','4QrcOUm6Wau+VuBX8g+IPg==',NULL,NULL,'RZ软测173',NULL,'18530915812',NULL,NULL,0,NULL),(76,NULL,'201719192303','裴瑞康','4QrcOUm6Wau+VuBX8g+IPg==',NULL,NULL,'RZ软技173',NULL,'13298103882',NULL,NULL,0,NULL),(77,NULL,'201719164312','许欣妍','4QrcOUm6Wau+VuBX8g+IPg==',NULL,NULL,'RB软工互173',NULL,'15890923860',NULL,NULL,0,NULL),(78,NULL,'201719192410','苏航','4QrcOUm6Wau+VuBX8g+IPg==',NULL,NULL,'RZ软技174',NULL,'15839133383',NULL,NULL,0,NULL),(79,NULL,'201719212217','何仁梁','4QrcOUm6Wau+VuBX8g+IPg==',NULL,NULL,'RZ移动172',NULL,'17638350135',NULL,NULL,0,NULL),(80,NULL,'201719154422','胡峻豪','4QrcOUm6Wau+VuBX8g+IPg==',NULL,NULL,'RB软工金174',NULL,'15836842646',NULL,NULL,0,NULL),(81,NULL,'201719164408','侯文壮','4QrcOUm6Wau+VuBX8g+IPg==',NULL,NULL,'RB软工互174',NULL,'13592310479',NULL,NULL,0,NULL),(82,NULL,'201719164311','李灿','4QrcOUm6Wau+VuBX8g+IPg==',NULL,NULL,'RB软工互173',NULL,'17639343665',NULL,NULL,0,NULL),(83,NULL,'201719244310','牛家乐','4QrcOUm6Wau+VuBX8g+IPg==',NULL,NULL,'RB软工数173',NULL,'13837098963',NULL,NULL,0,NULL),(84,NULL,'201719244230','仝钰辉','4QrcOUm6Wau+VuBX8g+IPg==',NULL,NULL,'RB软工数172',NULL,'18567838069',NULL,NULL,0,NULL),(85,NULL,'201719164310','孔嘉培','4QrcOUm6Wau+VuBX8g+IPg==',NULL,NULL,'卓越171',NULL,'13298106406',NULL,NULL,0,NULL),(86,NULL,'201719144126','任明阳','4QrcOUm6Wau+VuBX8g+IPg==',NULL,NULL,'RB软工移171',NULL,'15139451798',NULL,NULL,0,NULL),(87,NULL,'201719164303','李超翔','4QrcOUm6Wau+VuBX8g+IPg==',NULL,NULL,'RB软工互173',NULL,'13703901949',NULL,NULL,0,NULL),(88,NULL,'201719154126','高尚','4QrcOUm6Wau+VuBX8g+IPg==',NULL,NULL,'RB软工金171',NULL,'17395873933',NULL,NULL,0,NULL),(89,NULL,'201619150427','马计林','4QrcOUm6Wau+VuBX8g+IPg==',NULL,NULL,'RB软工金164',NULL,'13283870767',NULL,NULL,0,NULL),(90,NULL,'201619150307','栗聪艳','4QrcOUm6Wau+VuBX8g+IPg==',NULL,NULL,'RB软工金163',NULL,'18135673763',NULL,NULL,0,NULL),(91,NULL,'201619240431','魏志远','4QrcOUm6Wau+VuBX8g+IPg==',NULL,NULL,'卓越161',NULL,'15516508874',NULL,NULL,0,NULL),(92,NULL,'201619140302','李晴晴','4QrcOUm6Wau+VuBX8g+IPg==',NULL,NULL,'RB软工移163',NULL,'15736863829',NULL,NULL,0,NULL),(93,NULL,'201719212439','张品','4QrcOUm6Wau+VuBX8g+IPg==',NULL,NULL,'RZ软技移动174',NULL,'15346389084',NULL,NULL,0,NULL),(94,NULL,'201719164335','孙思杰','4QrcOUm6Wau+VuBX8g+IPg==',NULL,NULL,'卓越171',NULL,'18538107050',NULL,NULL,0,NULL),(95,NULL,'201719272220','马朝旭','4QrcOUm6Wau+VuBX8g+IPg==',NULL,NULL,'RZ办公自动172',NULL,'13403889929',NULL,NULL,0,NULL),(96,NULL,'201719144101','朱天颖','4QrcOUm6Wau+VuBX8g+IPg==',NULL,NULL,'RB软工移171',NULL,'17638756580',NULL,NULL,0,NULL),(97,NULL,'201719154101','侯静静','4QrcOUm6Wau+VuBX8g+IPg==',NULL,NULL,'RB软工金171',NULL,'15896703887',NULL,NULL,0,NULL),(98,NULL,'201719154127','张幸存','4QrcOUm6Wau+VuBX8g+IPg==',NULL,NULL,'RB软工金171',NULL,'18768862871',NULL,NULL,0,NULL),(99,NULL,'201719244108','王笑','4QrcOUm6Wau+VuBX8g+IPg==',NULL,NULL,'卓越171',NULL,'18337159633',NULL,NULL,0,NULL),(100,NULL,'201719044215','李靓丽','4QrcOUm6Wau+VuBX8g+IPg==',NULL,NULL,'RB软工网172',NULL,'13253584052',NULL,NULL,0,NULL),(101,NULL,'201719182122','罗福铭','4QrcOUm6Wau+VuBX8g+IPg==',NULL,NULL,'RZ互联网171',NULL,'17633846353',NULL,NULL,0,NULL),(102,NULL,'201619240436','冯启航','4QrcOUm6Wau+VuBX8g+IPg==',NULL,NULL,'RB软工数164',NULL,'17303835703',NULL,NULL,0,NULL),(103,NULL,'201619150204','李真','4QrcOUm6Wau+VuBX8g+IPg==',NULL,NULL,'RB软工金162',NULL,'18236063764',NULL,NULL,0,NULL),(104,NULL,'201619150202','吴静雯','4QrcOUm6Wau+VuBX8g+IPg==',NULL,NULL,'RB软工金162',NULL,'13253500903',NULL,NULL,0,NULL),(105,NULL,'201719244109','袁露','4QrcOUm6Wau+VuBX8g+IPg==',NULL,NULL,'RB软工数171',NULL,'18625678327',NULL,NULL,0,NULL),(106,NULL,'201719144438','张凯雯','4QrcOUm6Wau+VuBX8g+IPg==',NULL,NULL,'RB软工移174',NULL,'13298104651',NULL,NULL,0,NULL),(107,NULL,'201719154210','关家浩','4QrcOUm6Wau+VuBX8g+IPg==',NULL,NULL,'RB软工金172',NULL,'13783272345',NULL,NULL,0,NULL),(108,NULL,'201719244220','张小兵','4QrcOUm6Wau+VuBX8g+IPg==',NULL,NULL,'RB软工数172',NULL,'15237842617',NULL,NULL,0,NULL),(109,NULL,'201719154113','李正堃','4QrcOUm6Wau+VuBX8g+IPg==',NULL,NULL,'RB软工金171',NULL,'13253500117',NULL,NULL,0,NULL),(110,NULL,'201719192203','刘丽','4QrcOUm6Wau+VuBX8g+IPg==',NULL,NULL,'RZ软技172',NULL,'18337731251',NULL,NULL,0,NULL),(111,NULL,'201719192319','苑银辉','4QrcOUm6Wau+VuBX8g+IPg==',NULL,NULL,'RZ软技173',NULL,'13298105943',NULL,NULL,0,NULL),(112,NULL,'201719144429','孟俊汝','4QrcOUm6Wau+VuBX8g+IPg==',NULL,NULL,'RB软工移174',NULL,'13298103610',NULL,NULL,0,NULL),(113,NULL,'201719244134','严淅峰','4QrcOUm6Wau+VuBX8g+IPg==',NULL,NULL,'RB软工数171',NULL,'13283871201',NULL,NULL,0,NULL),(114,NULL,'201719154225','李凯飞','4QrcOUm6Wau+VuBX8g+IPg==',NULL,NULL,'RB软工金172',NULL,'13298103714',NULL,NULL,0,NULL),(115,NULL,'201719154334','涂凯','4QrcOUm6Wau+VuBX8g+IPg==',NULL,NULL,'RB软工金173',NULL,'15729458305',NULL,NULL,0,NULL),(116,NULL,'201719192140','魏雨菲','4QrcOUm6Wau+VuBX8g+IPg==',NULL,NULL,'RZ软技171',NULL,'15139106023',NULL,NULL,0,NULL),(117,NULL,'201719272239','刘晨虹','4QrcOUm6Wau+VuBX8g+IPg==',NULL,NULL,'RZ办公自动化172',NULL,'18736063207',NULL,NULL,0,NULL),(118,NULL,'201719244127','杨瑞琳','4QrcOUm6Wau+VuBX8g+IPg==',NULL,NULL,'RB软工数171',NULL,'15037220712',NULL,NULL,0,NULL),(119,NULL,'201719154110','高宏伟','4QrcOUm6Wau+VuBX8g+IPg==',NULL,NULL,'RB软工金171',NULL,'15716633500',NULL,NULL,0,NULL),(120,NULL,'201719244125','赵景倩','4QrcOUm6Wau+VuBX8g+IPg==',NULL,NULL,'RB软工数171',NULL,'18239186983',NULL,NULL,0,NULL),(121,NULL,'201719244139','杜岩森','4QrcOUm6Wau+VuBX8g+IPg==',NULL,NULL,'RB软工数171',NULL,'13525147992',NULL,NULL,0,NULL),(122,NULL,'201719164121','肖雨欣','4QrcOUm6Wau+VuBX8g+IPg==',NULL,NULL,'RB软工互171',NULL,'13937936892',NULL,NULL,0,NULL),(123,NULL,'201719144412','张玉娜','4QrcOUm6Wau+VuBX8g+IPg==',NULL,NULL,'RB软工移174',NULL,'18438365195',NULL,NULL,0,NULL),(124,NULL,'201719192328','杨梦雅','4QrcOUm6Wau+VuBX8g+IPg==',NULL,NULL,'RZ软技173',NULL,'13903810731',NULL,NULL,0,NULL),(125,NULL,'201719244131','罗力昌','4QrcOUm6Wau+VuBX8g+IPg==',NULL,NULL,'RB软工数171',NULL,'15837016352',NULL,NULL,0,NULL),(126,NULL,'201719262324','汪乐乐','4QrcOUm6Wau+VuBX8g+IPg==',NULL,NULL,'RZ软技173',NULL,'15537261841',NULL,NULL,0,NULL),(127,NULL,'201719244101','魏梦珂','4QrcOUm6Wau+VuBX8g+IPg==',NULL,NULL,'RB软工数171',NULL,'13283871007',NULL,NULL,0,NULL),(128,NULL,'201719244215','张扬','4QrcOUm6Wau+VuBX8g+IPg==',NULL,NULL,'RB软工数172',NULL,'15137115374',NULL,NULL,0,NULL),(129,NULL,'201719192105','李丙琰','4QrcOUm6Wau+VuBX8g+IPg==',NULL,NULL,'RZ软技171',NULL,'18568105529',NULL,NULL,0,NULL),(130,NULL,'201619240323','李佳朔','4QrcOUm6Wau+VuBX8g+IPg==',NULL,NULL,'RB软工数163',NULL,'15637733256',NULL,NULL,0,NULL),(131,NULL,'201619240428','姚占营','4QrcOUm6Wau+VuBX8g+IPg==',NULL,NULL,'RB软工数164',NULL,'15937506571',NULL,NULL,0,NULL),(132,NULL,'201619040104','李梦歌','4QrcOUm6Wau+VuBX8g+IPg==',NULL,NULL,'RB网络161',NULL,'13525926020',NULL,NULL,0,NULL),(133,NULL,'201719212316','刘司雷','4QrcOUm6Wau+VuBX8g+IPg==',NULL,NULL,'RZ移动173',NULL,'13298103843',NULL,NULL,0,NULL),(134,NULL,'201719154407','李嘉诗','4QrcOUm6Wau+VuBX8g+IPg==',NULL,NULL,'RB软工金174',NULL,'13253500931',NULL,NULL,0,NULL),(135,NULL,'201719182105','孟一帆','4QrcOUm6Wau+VuBX8g+IPg==',NULL,NULL,'RZ互联网171',NULL,'13283871321',NULL,NULL,0,NULL),(136,NULL,'201719212133','郭政怡','4QrcOUm6Wau+VuBX8g+IPg==',NULL,NULL,'RZ软技移动171',NULL,'17638822702',NULL,NULL,0,NULL),(137,NULL,'201719164314','杨晨旗','4QrcOUm6Wau+VuBX8g+IPg==',NULL,NULL,'RB软工互173',NULL,'15036050350',NULL,NULL,0,NULL),(138,NULL,'201719164407','王成','4QrcOUm6Wau+VuBX8g+IPg==',NULL,NULL,'RB软工互174',NULL,'13233976628',NULL,NULL,0,NULL),(139,NULL,'201719144119','刘旭','4QrcOUm6Wau+VuBX8g+IPg==',NULL,NULL,'RB软工移171',NULL,'15824900204',NULL,NULL,0,NULL),(140,NULL,'201719154123','张凯','4QrcOUm6Wau+VuBX8g+IPg==',NULL,NULL,'RB软工金171',NULL,'18237850589',NULL,NULL,0,NULL),(141,NULL,'201719262203',' 张洋洋','4QrcOUm6Wau+VuBX8g+IPg==',NULL,NULL,'RZ测试172',NULL,'18837295756',NULL,NULL,0,NULL),(142,NULL,'201719144108','陆才佳','4QrcOUm6Wau+VuBX8g+IPg==',NULL,NULL,'RB软工移171',NULL,'15294823602',NULL,NULL,0,NULL),(143,NULL,'201719164326','李成','4QrcOUm6Wau+VuBX8g+IPg==',NULL,NULL,'RB软工互173',NULL,'15737013557',NULL,NULL,0,NULL),(144,NULL,'201719154118','霍旭辉','4QrcOUm6Wau+VuBX8g+IPg==',NULL,NULL,'RB软工金171',NULL,'15690826162',NULL,NULL,0,NULL),(145,NULL,'201719272133','铁铸','4QrcOUm6Wau+VuBX8g+IPg==',NULL,NULL,'RZ办公自动171',NULL,'17739758092',NULL,NULL,0,NULL),(146,NULL,'201719182123','胡熙正','4QrcOUm6Wau+VuBX8g+IPg==',NULL,NULL,'RZ互联网171',NULL,'13782092709',NULL,NULL,0,NULL),(147,NULL,'201719192432','左紫昊','4QrcOUm6Wau+VuBX8g+IPg==',NULL,NULL,' RZ软技174',NULL,'15518230502',NULL,NULL,0,NULL),(148,NULL,'201719154120','王沐尧','4QrcOUm6Wau+VuBX8g+IPg==',NULL,NULL,'RB软工金171',NULL,'13203850666',NULL,NULL,0,NULL),(149,NULL,'201719154311','任方成','4QrcOUm6Wau+VuBX8g+IPg==',NULL,NULL,'RB软工金173',NULL,'18236262294',NULL,NULL,0,NULL),(150,NULL,'201719212319','邓旭','4QrcOUm6Wau+VuBX8g+IPg==',NULL,NULL,'RZ软技移动173',NULL,'18538006305',NULL,NULL,0,NULL),(151,NULL,'201719164437','韩冰','4QrcOUm6Wau+VuBX8g+IPg==',NULL,NULL,'RB软工互174',NULL,'15039099285',NULL,NULL,0,NULL),(152,NULL,'201619150217','赵奇龙','4QrcOUm6Wau+VuBX8g+IPg==',NULL,NULL,'RB软工金172',NULL,'15893953910',NULL,NULL,0,NULL),(153,NULL,'201719262115','刘凯利','4QrcOUm6Wau+VuBX8g+IPg==',NULL,NULL,'RZ软测171',NULL,'15896735841',NULL,NULL,0,NULL),(154,NULL,'201719164325','程玉松','4QrcOUm6Wau+VuBX8g+IPg==',NULL,NULL,' RB软工互173',NULL,'13283871851',NULL,NULL,0,NULL),(155,NULL,'201719164317','汪金蓉','4QrcOUm6Wau+VuBX8g+IPg==',NULL,NULL,'RB软工互173',NULL,'13939448539',NULL,NULL,0,NULL),(156,NULL,'201719154131','文成丹','4QrcOUm6Wau+VuBX8g+IPg==',NULL,NULL,'RB软工金171',NULL,'15939742632',NULL,NULL,0,NULL),(157,NULL,'201719154236','杜霄雨','4QrcOUm6Wau+VuBX8g+IPg==',NULL,NULL,'RB软工金172',NULL,'13938116196',NULL,NULL,0,NULL),(158,NULL,'201719154116','缑启初','4QrcOUm6Wau+VuBX8g+IPg==',NULL,NULL,'RB软工金171',NULL,'17637825918',NULL,NULL,0,NULL),(159,NULL,'201719154104','孙春华','4QrcOUm6Wau+VuBX8g+IPg==',NULL,NULL,'RB金融171',NULL,'15890555214',NULL,NULL,0,NULL),(160,NULL,'201719192126','张朝寓','4QrcOUm6Wau+VuBX8g+IPg==',NULL,NULL,'RZ软件171',NULL,'15936567637',NULL,NULL,0,NULL),(161,NULL,'201719212120','张耀辉','4QrcOUm6Wau+VuBX8g+IPg==',NULL,NULL,'RZ软技移动171',NULL,'17335357242',NULL,NULL,0,NULL),(162,NULL,'201619240429','孟达','4QrcOUm6Wau+VuBX8g+IPg==',NULL,NULL,'RB软工数164',NULL,'18625467573',NULL,NULL,0,NULL),(163,NULL,'201619240430','张起','4QrcOUm6Wau+VuBX8g+IPg==',NULL,NULL,'RB软工数164',NULL,'15981928159',NULL,NULL,0,NULL),(164,NULL,'201619150314','张瑶瑶','4QrcOUm6Wau+VuBX8g+IPg==',NULL,NULL,'RB软工金163',NULL,'17737411268',NULL,NULL,0,NULL),(165,NULL,'201619140204','李杰','4QrcOUm6Wau+VuBX8g+IPg==',NULL,NULL,'RB软工移162',NULL,'15638197523',NULL,NULL,0,NULL),(166,NULL,'201719164425','赵玉祥','4QrcOUm6Wau+VuBX8g+IPg==',NULL,NULL,'RB软工互174',NULL,'13283871351',NULL,NULL,0,NULL),(167,NULL,'201719154115','谈璐瑶','4QrcOUm6Wau+VuBX8g+IPg==',NULL,NULL,'RB软工金171',NULL,'13526962246',NULL,NULL,0,NULL),(168,NULL,'201719154139','赵锐','4QrcOUm6Wau+VuBX8g+IPg==',NULL,NULL,'RB软工金171',NULL,'17637936693',NULL,NULL,0,NULL),(169,NULL,'201719154235','白鹿伟','4QrcOUm6Wau+VuBX8g+IPg==',NULL,NULL,'卓越171',NULL,'15649865173',NULL,NULL,0,NULL),(170,NULL,'201719154228','刘文博','4QrcOUm6Wau+VuBX8g+IPg==',NULL,NULL,'RB软工金172',NULL,'18238112790',NULL,NULL,0,NULL),(171,NULL,'201719154216','刘锡尧','4QrcOUm6Wau+VuBX8g+IPg==',NULL,NULL,'卓越171',NULL,'15638889878',NULL,NULL,0,NULL),(172,NULL,'201719154427','汪璐瑶','4QrcOUm6Wau+VuBX8g+IPg==',NULL,NULL,'RB软工金174',NULL,'13651361218',NULL,NULL,0,NULL),(173,NULL,'201719244135','王业晨','4QrcOUm6Wau+VuBX8g+IPg==',NULL,NULL,'RB软工数171',NULL,'13598196162',NULL,NULL,0,NULL),(174,NULL,'201719244209','高远','4QrcOUm6Wau+VuBX8g+IPg==',NULL,NULL,'RB软工数172',NULL,'16637128868',NULL,NULL,0,NULL),(175,NULL,'201719244219','梁昆','4QrcOUm6Wau+VuBX8g+IPg==',NULL,NULL,'RB软工数172',NULL,'13298106478',NULL,NULL,0,NULL),(176,NULL,'201719244222','余金成','4QrcOUm6Wau+VuBX8g+IPg==',NULL,NULL,'RB软工数172',NULL,'15139786162',NULL,NULL,0,NULL),(177,NULL,'201719244309','胡一博','4QrcOUm6Wau+VuBX8g+IPg==',NULL,NULL,'RB软工数173',NULL,'18839903603',NULL,NULL,0,NULL),(178,NULL,'201719244308','李晨曦','4QrcOUm6Wau+VuBX8g+IPg==',NULL,NULL,'RB软工数173',NULL,'17839422799',NULL,NULL,0,NULL),(179,NULL,'201719044137','王乐妍','4QrcOUm6Wau+VuBX8g+IPg==',NULL,NULL,'RB软工网171',NULL,'13526675623',NULL,NULL,0,NULL),(180,NULL,'201719144122','康静','4QrcOUm6Wau+VuBX8g+IPg==',NULL,NULL,'RB软工移171',NULL,'15239630879',NULL,NULL,0,NULL),(181,NULL,'201719144338','葛雪阳','4QrcOUm6Wau+VuBX8g+IPg==',NULL,NULL,'RB软工移173',NULL,'13298103364',NULL,NULL,0,NULL),(182,NULL,'201719192325','宋俊哲','4QrcOUm6Wau+VuBX8g+IPg==',NULL,NULL,'RZ软技173',NULL,'13526521128',NULL,NULL,0,NULL),(183,NULL,'201719192408','屈润哲','4QrcOUm6Wau+VuBX8g+IPg==',NULL,NULL,'RZ软技174',NULL,'15890686563',NULL,NULL,0,NULL),(184,NULL,'201619150312','马晴川','4QrcOUm6Wau+VuBX8g+IPg==',NULL,NULL,'卓越161',NULL,'13243277920',NULL,NULL,0,NULL),(185,NULL,'201619240312','杨焕焕','4QrcOUm6Wau+VuBX8g+IPg==',NULL,NULL,'RB软工数163',NULL,'138186725',NULL,NULL,0,NULL),(186,NULL,'201719154212','叶帅飞','4QrcOUm6Wau+VuBX8g+IPg==',NULL,NULL,'RB软工金172',NULL,'15226121767',NULL,NULL,0,NULL),(187,NULL,'201619040229','王振国','4QrcOUm6Wau+VuBX8g+IPg==',NULL,NULL,'RB软工网162',NULL,'15716333385',NULL,NULL,0,NULL),(188,NULL,'201619160320','刘世平','4QrcOUm6Wau+VuBX8g+IPg==',NULL,NULL,'RB软工互163',NULL,'15225160306',NULL,NULL,0,NULL),(189,NULL,'201619140320','尚昱东','4QrcOUm6Wau+VuBX8g+IPg==',NULL,NULL,'RB软工移163',NULL,'13803925266',NULL,NULL,0,NULL),(190,NULL,'201619240325','魏上智','4QrcOUm6Wau+VuBX8g+IPg==',NULL,NULL,'RB软工数163',NULL,'13298104505',NULL,NULL,0,NULL),(191,NULL,'201719212227','杨蒙蒙','4QrcOUm6Wau+VuBX8g+IPg==',NULL,NULL,'RZ软技移动172',NULL,'15093469069',NULL,NULL,0,NULL),(192,NULL,'201719244412','陈萌放','4QrcOUm6Wau+VuBX8g+IPg==',NULL,NULL,'Rb软工数174',NULL,'18336228208',NULL,NULL,0,NULL),(193,NULL,'201719244133','雷雨旸','4QrcOUm6Wau+VuBX8g+IPg==',NULL,NULL,'rb软工数171',NULL,'15537990447',NULL,NULL,0,NULL),(194,NULL,'201719182229','魏露露','4QrcOUm6Wau+VuBX8g+IPg==',NULL,NULL,'RZ互联网172',NULL,'13462701258',NULL,NULL,0,NULL),(195,NULL,'201619150308','王前瑞','4QrcOUm6Wau+VuBX8g+IPg==',NULL,NULL,'RB软工金163',NULL,'15938284490',NULL,NULL,0,NULL),(196,NULL,'201719212125','李梦蝶','4QrcOUm6Wau+VuBX8g+IPg==',NULL,NULL,'RZ软技移动171',NULL,'13298103863',NULL,NULL,0,NULL),(197,NULL,'201619150302','王卓','4QrcOUm6Wau+VuBX8g+IPg==',NULL,NULL,'RB软工金163',NULL,'18336001902',NULL,NULL,0,NULL),(198,NULL,'201719244331','肖俊标','4QrcOUm6Wau+VuBX8g+IPg==',NULL,NULL,'Rb软工数173',NULL,'15083264189',NULL,NULL,0,NULL),(199,NULL,'201719154335','张锐炎','4QrcOUm6Wau+VuBX8g+IPg==',NULL,NULL,'rb软工金173',NULL,'15738484566',NULL,NULL,0,NULL),(200,NULL,'201719144106','尹振坤','4QrcOUm6Wau+VuBX8g+IPg==',NULL,NULL,'RB软工移171',NULL,'15136091067',NULL,NULL,0,NULL),(201,NULL,'201719244123','杨尚衡','4QrcOUm6Wau+VuBX8g+IPg==',NULL,NULL,'rb软工数172',NULL,'13103849936',NULL,NULL,0,NULL),(202,NULL,'201719044230','李思梦','4QrcOUm6Wau+VuBX8g+IPg==',NULL,NULL,'RB软工网172',NULL,'15290235092',NULL,NULL,0,NULL),(203,NULL,'201719164337','邱文','4QrcOUm6Wau+VuBX8g+IPg==',NULL,NULL,'RB软工互173',NULL,'18736856028',NULL,NULL,0,NULL),(204,NULL,'201719164308','彭园园','4QrcOUm6Wau+VuBX8g+IPg==',NULL,NULL,'RB软工互173',NULL,'15893968027',NULL,NULL,0,NULL),(205,NULL,'201719244413','王梦瑶','4QrcOUm6Wau+VuBX8g+IPg==',NULL,NULL,'rb软工数174',NULL,'15538339341',NULL,NULL,0,NULL),(206,NULL,'201719212434','毛思源','4QrcOUm6Wau+VuBX8g+IPg==',NULL,NULL,'rz移动174',NULL,'13283870805',NULL,NULL,0,NULL),(207,NULL,'201719154119','郑好迪','4QrcOUm6Wau+VuBX8g+IPg==',NULL,NULL,'RB软工金171',NULL,'15886796652',NULL,NULL,0,NULL),(208,NULL,'201619150304','吴甜','4QrcOUm6Wau+VuBX8g+IPg==',NULL,NULL,'RB软工金163',NULL,'13693705280',NULL,NULL,0,NULL),(209,NULL,'201719262426','刘稳','4QrcOUm6Wau+VuBX8g+IPg==',NULL,NULL,'RZ测试174',NULL,'13103972068',NULL,NULL,0,NULL),(210,NULL,'201619150311','张会欣','4QrcOUm6Wau+VuBX8g+IPg==',NULL,NULL,'RB软工金163',NULL,'13073766250',NULL,NULL,0,NULL),(211,NULL,'201719244106','郭豫川','4QrcOUm6Wau+VuBX8g+IPg==',NULL,NULL,'Rb软工数171',NULL,'13949997331',NULL,NULL,0,NULL),(212,NULL,'201619140404','卢琰','4QrcOUm6Wau+VuBX8g+IPg==',NULL,NULL,'RB软工移164',NULL,'13283845683',NULL,NULL,0,NULL),(213,NULL,'201470024220','贾慧强','wzNncBURtPYCDsYd7TUgWQ==','男',NULL,'RB软工移142','994562751@qq.com','13938206421',NULL,'',0,NULL),(214,NULL,'201470044226','李亮亮','4QrcOUm6Wau+VuBX8g+IPg==','男',NULL,'卓越141','liliang941107@sina.com','18638505973',NULL,'',0,'http://zut-mass.oss-cn-beijing.aliyuncs.com/9fa52eb4-2cd4-44bb-93e4-8699fa05b639.jpg'),(215,NULL,'201470024231','宋鎏鑫','4QrcOUm6Wau+VuBX8g+IPg==','男',NULL,'RB移动142',NULL,NULL,NULL,NULL,0,NULL),(216,NULL,'201470034106','李向','4QrcOUm6Wau+VuBX8g+IPg==','女',NULL,'RB软工金141','2286099049@qq.com','13949093167',NULL,NULL,0,NULL),(237,0,'201079924250','王道12','123456','男','2018-05-31 11:21:58','软工111','994562751@qq.com','13938206421','','',0,NULL);

#
# Structure for table "sys_user_org"
#

DROP TABLE IF EXISTS `sys_user_org`;
CREATE TABLE `sys_user_org` (
  `id` int(11) NOT NULL AUTO_INCREMENT COMMENT '自增主键',
  `username` varchar(255) NOT NULL COMMENT '用户名',
  `org_id` varchar(255) NOT NULL COMMENT '组织id',
  `status` tinyint(4) DEFAULT '-1' COMMENT '状态-1 正在审核：0拒绝；1通过；',
  `position` tinyint(4) DEFAULT '0' COMMENT '0:普通；1副社长；2社长',
  `success_time` datetime DEFAULT NULL COMMENT '审核通过时间',
  `locked` tinyint(4) DEFAULT '0' COMMENT '是否锁定 0：未锁定；1已锁定已删除',
  `create_time` datetime DEFAULT NULL COMMENT '创建时间',
  `update_time` datetime DEFAULT NULL COMMENT '更新时间',
  `exit_time` datetime DEFAULT NULL COMMENT '退出时间',
  `exit_reason` varchar(1000) DEFAULT NULL COMMENT '退出原因',
  `grade_class` varchar(64) DEFAULT NULL COMMENT '所在班级',
  `org_name` varchar(255) NOT NULL COMMENT '组织名字',
  `apply_reason` varchar(1000) DEFAULT '' COMMENT '申请正文',
  PRIMARY KEY (`id`)
) ENGINE=InnoDB AUTO_INCREMENT=43 DEFAULT CHARSET=utf8;

#
# Data for table "sys_user_org"
#

INSERT INTO `sys_user_org` VALUES (1,'201470024220','5',1,1,NULL,0,'2018-03-12 15:20:59','2018-03-06 15:21:02',NULL,'','RB软工移142','心理协会',NULL),(2,'201470024221','6',1,1,NULL,0,'2018-03-12 15:20:59','2018-03-06 15:21:02',NULL,'','RB软工移142','篮球社',NULL),(3,'201470024224','6',1,1,NULL,0,'2018-05-13 12:48:14','2018-05-13 12:48:19',NULL,NULL,'RB软工移141','篮球社',NULL),(4,'201470024220','7',-2,0,NULL,0,'2018-05-22 09:23:17','2018-05-22 09:23:19','2018-05-26 20:22:42','','RB软工移141','乒乓球',NULL),(6,'201470024220','3',-2,0,NULL,0,'2018-05-15 11:40:43','2018-05-15 11:40:43','2018-05-29 16:27:46','','RB软工移141','佛经研究协会',NULL),(7,'201470024220','4',-1,0,NULL,0,'2018-05-21 11:50:13','2018-05-21 11:50:13',NULL,NULL,'RB软工移141','篮球社',NULL),(8,'201619240119','5',-2,0,NULL,0,'2018-05-23 13:02:37','2018-05-23 13:02:37','2018-05-29 16:32:01','','RB软工数161','心理协会',NULL),(9,'201619240119','6',-1,0,NULL,0,'2018-05-23 13:02:44','2018-05-23 13:02:44',NULL,NULL,'RB软工数161','书法协会',NULL),(10,'201719164403','5',1,0,NULL,1,'2018-05-23 13:03:25','2018-05-23 13:03:25',NULL,NULL,'RB软工互174','心理协会','热爱各种匪夷所思的细节'),(12,'201719212434','5',-2,0,NULL,0,'2018-05-23 21:01:11','2018-05-23 21:01:11','2018-05-29 14:35:15','','rz移动174','心理协会',NULL),(13,'201470044226','2',1,NULL,NULL,0,'2018-05-24 10:38:21','2018-05-24 10:38:21',NULL,NULL,NULL,'读书协会',NULL),(14,'201470024220','2',-1,0,NULL,0,'2018-05-24 12:10:16','2018-05-24 12:10:16',NULL,NULL,'RB软工移142','读书协会',NULL),(15,'201619160415','5',-2,0,NULL,0,'2018-05-25 14:48:39','2018-05-25 14:48:39','2018-05-28 11:43:45','','RB软工互164','心理协会',''),(16,'201307104106','5',-2,0,NULL,0,'2018-05-26 10:38:57','2018-05-26 10:38:57','2018-05-30 21:40:33','','RB软工数164','心理协会',''),(17,'201470024220','13',-1,NULL,NULL,0,'2018-05-26 14:00:39','2018-05-26 14:00:39',NULL,NULL,NULL,'足球社','加入'),(18,'201470044226','5',1,NULL,NULL,0,'2018-05-26 14:07:32','2018-05-26 14:07:32',NULL,NULL,NULL,'心理协会','申请'),(19,'201470034106','5',0,NULL,NULL,0,'2018-05-26 17:18:37','2018-05-26 17:18:37',NULL,NULL,NULL,'心理协会','丰富课余生活'),(20,'201470034106','5',1,NULL,'2018-05-26 17:21:44',0,'2018-05-26 17:21:08','2018-05-26 17:21:08',NULL,NULL,NULL,'心理协会','丰富课余生活'),(21,'201470034107','15',1,NULL,NULL,0,'2018-05-26 17:59:31','2018-05-26 17:59:31',NULL,NULL,NULL,'吉他社',NULL),(22,'201470024231','15',1,NULL,NULL,0,'2018-05-26 17:59:31','2018-05-26 17:59:31',NULL,NULL,NULL,'吉他社',NULL),(23,'201470024231','15',1,NULL,NULL,0,'2018-05-26 17:59:31','2018-05-26 17:59:31',NULL,NULL,NULL,'吉他社',NULL),(24,'201470024231','15',1,NULL,NULL,0,'2018-05-26 17:59:31','2018-05-26 17:59:31',NULL,NULL,NULL,'吉他社',NULL),(25,'201470024220','7',1,NULL,'2018-05-30 21:39:56',0,'2018-05-26 21:24:57','2018-05-26 21:24:57',NULL,NULL,NULL,'民族舞','加入'),(26,'201619150210','5',-1,-1,'2018-05-28 14:11:40',0,'2018-05-28 13:48:56','2018-05-28 13:48:56',NULL,NULL,NULL,'心理协会','你好，我是陈彩艳，看到了心理协会这个社团，我心中的热血突然又沸腾起来了，因为找到了相同兴趣的爱好者组织。我热爱读心理方面的书，希望能加入心理协会，谢谢。'),(27,'201719164309','5',0,NULL,'2018-05-29 14:43:08',0,'2018-05-29 14:38:23','2018-05-29 14:38:23',NULL,NULL,NULL,'心理协会','加入我们'),(28,'201719164309','5',0,NULL,NULL,0,'2018-05-29 14:45:34','2018-05-29 14:45:34',NULL,NULL,NULL,'心理协会','测试'),(29,'201719164309','5',0,NULL,NULL,0,'2018-05-29 14:46:08','2018-05-29 14:46:08',NULL,NULL,NULL,'心理协会','溜了溜了'),(30,'201470044226','13',-1,NULL,NULL,0,'2018-05-30 14:12:57','2018-05-30 14:12:57',NULL,NULL,NULL,'足球社','热爱足球，希望丰富课余生活！'),(31,'201470044226','14',-1,NULL,NULL,0,'2018-05-30 17:19:05','2018-05-30 17:19:05',NULL,NULL,NULL,'芭蕾社','好的'),(32,'201470044226','8',-1,NULL,NULL,0,'2018-05-30 18:09:54','2018-05-30 18:09:54',NULL,NULL,NULL,'健美操协会','测试号'),(33,'201470034106','18',1,NULL,NULL,0,'2018-05-31 11:30:57','2018-05-31 11:30:57',NULL,NULL,NULL,'轮滑社',NULL),(34,'201470024231','18',1,NULL,NULL,0,'2018-05-31 11:30:57','2018-05-31 11:30:57',NULL,NULL,NULL,'轮滑社',NULL),(35,'201619040104','18',1,NULL,NULL,0,'2018-05-31 11:30:57','2018-05-31 11:30:57',NULL,NULL,NULL,'轮滑社',NULL),(36,'201619040229','18',1,NULL,NULL,0,'2018-05-31 11:30:57','2018-05-31 11:30:57',NULL,NULL,NULL,'轮滑社',NULL),(37,'201470044226','18',0,NULL,NULL,0,'2018-05-31 11:35:55','2018-05-31 11:35:55',NULL,NULL,NULL,'轮滑社','加入'),(38,'201470024220','18',1,NULL,'2018-05-31 11:36:25',0,'2018-05-31 11:36:17','2018-05-31 11:36:17',NULL,NULL,NULL,'轮滑社','申请加入贾慧强'),(39,'20147003410000','19',1,NULL,NULL,0,'2018-05-31 16:33:25','2018-05-31 16:33:25',NULL,NULL,NULL,'吉他社',NULL),(40,'201470024231','19',1,NULL,NULL,0,'2018-05-31 16:33:25','2018-05-31 16:33:25',NULL,NULL,NULL,'吉他社',NULL),(41,'201470024231','19',1,NULL,NULL,0,'2018-05-31 16:33:25','2018-05-31 16:33:25',NULL,NULL,NULL,'吉他社',NULL),(42,'201470024231','19',1,NULL,NULL,0,'2018-05-31 16:33:25','2018-05-31 16:33:25',NULL,NULL,NULL,'吉他社',NULL);

#
# Structure for table "user_role"
#

DROP TABLE IF EXISTS `user_role`;
CREATE TABLE `user_role` (
  `id` int(11) NOT NULL AUTO_INCREMENT COMMENT '主键',
  `user_id` int(11) DEFAULT NULL,
  `role_id` int(11) NOT NULL,
  `role_name` varchar(128) DEFAULT NULL,
  `user_name` varchar(128) NOT NULL,
  `update_time` timestamp NOT NULL DEFAULT CURRENT_TIMESTAMP ON UPDATE CURRENT_TIMESTAMP COMMENT '更新时间',
  `create_time` timestamp NOT NULL DEFAULT CURRENT_TIMESTAMP COMMENT '创建时间',
  `role_level` int(11) DEFAULT '0' COMMENT '0:普通用户；1普通管理；2超级管理；',
  `description` varchar(255) DEFAULT NULL COMMENT '描述',
  `org_id` int(11) DEFAULT NULL,
  `gen` varchar(255) DEFAULT '' COMMENT '备用字段',
  `is_default` int(11) DEFAULT '0' COMMENT '是否默认',
  `status` tinyint(4) DEFAULT '1' COMMENT '0删除；1正常',
  PRIMARY KEY (`id`),
  KEY `user_id` (`user_id`),
  KEY `role_id` (`role_id`)
) ENGINE=InnoDB AUTO_INCREMENT=77 DEFAULT CHARSET=utf8 COMMENT='用户-角色';

#
# Data for table "user_role"
#

INSERT INTO `user_role` VALUES (1,NULL,1,NULL,'201470024220','2018-06-11 08:12:12','2018-05-22 16:27:41',0,NULL,NULL,'',0,1),(11,NULL,1,NULL,'201470044226','2018-06-26 15:06:56','2018-05-22 16:25:11',0,NULL,NULL,'',1,1),(12,NULL,8,'初次登录系统默认角色','201307104106','2018-05-26 10:43:04','2018-05-22 20:25:45',NULL,'初始化进入系统角色',NULL,NULL,1,1),(13,NULL,8,'初次登录系统默认角色','201619240119','2018-05-25 00:25:47','2018-05-23 13:02:23',NULL,'初始化进入系统角色',NULL,NULL,1,1),(14,NULL,8,'初次登录系统默认角色','201719164403','2018-05-29 17:00:24','2018-05-23 13:03:15',NULL,'初始化进入系统角色',NULL,NULL,1,1),(15,NULL,8,'初次登录系统默认角色','201719164308','2018-05-25 00:25:48','2018-05-23 15:20:26',NULL,'初始化进入系统角色',NULL,NULL,1,1),(16,NULL,8,'初次登录系统默认角色','201719164337','2018-05-25 00:25:49','2018-05-23 15:25:45',NULL,'初始化进入系统角色',NULL,NULL,1,1),(17,NULL,8,'初次登录系统默认角色','201719212434','2018-05-25 00:25:49','2018-05-23 21:00:53',NULL,'初始化进入系统角色',NULL,NULL,1,1),(18,NULL,8,'初次登录系统默认角色','201470024231','2018-05-25 00:25:49','2018-05-24 10:44:53',NULL,'初始化进入系统角色',NULL,NULL,0,1),(22,NULL,2,NULL,'201619240119','2018-05-25 00:25:49','2018-05-24 16:48:59',NULL,NULL,NULL,NULL,0,1),(23,NULL,8,'初次登录系统默认角色','201619160415','2018-05-25 14:48:08','2018-05-25 14:48:08',NULL,'初始化进入系统角色',NULL,NULL,1,1),(24,NULL,8,'初次登录系统默认角色','201719262426','2018-05-29 12:17:22','2018-05-25 16:23:29',NULL,'初始化进入系统角色',NULL,NULL,0,1),(25,NULL,8,'初次登录系统默认角色','201719154119','2018-05-25 16:28:57','2018-05-25 16:28:57',NULL,'初始化进入系统角色',NULL,NULL,1,1),(26,NULL,8,'初次登录系统默认角色','201719244106','2018-05-25 16:30:41','2018-05-25 16:30:41',NULL,'初始化进入系统角色',NULL,NULL,1,1),(27,NULL,8,'初次登录系统默认角色','201719212125','2018-05-25 16:44:42','2018-05-25 16:44:42',NULL,'初始化进入系统角色',NULL,NULL,1,1),(28,NULL,8,'初次登录系统默认角色','201719164309','2018-05-29 14:37:29','2018-05-25 16:46:20',NULL,'初始化进入系统角色',NULL,NULL,1,1),(29,NULL,8,'初次登录系统默认角色','201470034106','2018-06-01 11:46:43','2018-05-26 17:16:57',NULL,'初始化进入系统角色',NULL,NULL,0,1),(30,NULL,2,NULL,'201470034107','2018-05-26 17:59:31','2018-05-26 17:59:31',NULL,NULL,NULL,NULL,0,1),(38,NULL,3,NULL,'201470024220','2018-05-30 17:31:06','2018-05-27 20:03:31',0,NULL,NULL,'',0,0),(39,NULL,8,'初次登录系统默认角色','201619150210','2018-05-29 19:26:51','2018-05-28 13:45:54',NULL,'初始化进入系统角色',NULL,NULL,1,1),(40,NULL,8,'初次登录系统默认角色','201470024220','2018-05-31 16:42:46','2018-05-29 15:08:50',NULL,'初始化进入系统角色',NULL,NULL,0,1),(41,NULL,2,NULL,'201470024220','2018-06-11 08:12:12','2018-05-29 15:11:56',NULL,NULL,NULL,NULL,1,1),(43,NULL,3,NULL,'201470044226','2018-06-26 15:06:56','2018-05-29 20:58:56',0,NULL,NULL,'',0,1),(44,NULL,5,NULL,'201470044226','2018-06-18 22:55:52','2018-05-29 20:58:56',0,NULL,NULL,'',0,1),(45,NULL,4,NULL,'201470044226','2018-06-18 22:56:23','2018-05-29 20:58:56',0,NULL,NULL,'',0,1),(46,NULL,7,NULL,'201470044226','2018-05-29 20:58:56','2018-05-29 20:58:56',0,NULL,NULL,'',0,1),(47,NULL,6,NULL,'201470044226','2018-06-18 22:56:30','2018-05-29 20:58:56',0,NULL,NULL,'',0,1),(48,NULL,2,NULL,'201470044226','2018-06-13 17:09:07','2018-05-29 20:59:39',NULL,NULL,NULL,NULL,0,1),(49,NULL,8,'初次登录系统默认角色','201479924220','2018-05-31 11:09:46','2018-05-31 11:09:46',NULL,'初始化进入系统角色',NULL,NULL,1,1),(50,NULL,8,'初次登录系统默认角色','201470024277','2018-05-31 11:09:47','2018-05-31 11:09:47',NULL,'初始化进入系统角色',NULL,NULL,1,1),(59,NULL,8,'初次登录系统默认角色','201079924250','2018-05-31 11:15:25','2018-05-31 11:15:25',NULL,'初始化进入系统角色',NULL,NULL,1,1),(60,NULL,8,'初次登录系统默认角色','201470024277','2018-05-31 11:15:25','2018-05-31 11:15:25',NULL,'初始化进入系统角色',NULL,NULL,1,1),(61,NULL,8,'初次登录系统默认角色','201079924250','2018-05-31 11:16:20','2018-05-31 11:16:20',NULL,'初始化进入系统角色',NULL,NULL,1,1),(62,NULL,8,'初次登录系统默认角色','201470024277','2018-05-31 11:16:20','2018-05-31 11:16:20',NULL,'初始化进入系统角色',NULL,NULL,1,1),(63,NULL,8,'初次登录系统默认角色','201079924250','2018-05-31 11:18:48','2018-05-31 11:18:48',NULL,'初始化进入系统角色',NULL,NULL,1,1),(64,NULL,8,'初次登录系统默认角色','201470024277','2018-05-31 11:18:48','2018-05-31 11:18:48',NULL,'初始化进入系统角色',NULL,NULL,1,1),(65,NULL,8,'初次登录系统默认角色','201079924250','2018-05-31 11:19:18','2018-05-31 11:19:18',NULL,'初始化进入系统角色',NULL,NULL,1,1),(66,NULL,8,'初次登录系统默认角色','201470024277','2018-05-31 11:19:18','2018-05-31 11:19:18',NULL,'初始化进入系统角色',NULL,NULL,1,1),(67,NULL,8,'初次登录系统默认角色','201079924250','2018-05-31 11:21:29','2018-05-31 11:21:29',NULL,'初始化进入系统角色',NULL,NULL,1,1),(68,NULL,8,'初次登录系统默认角色','201470024277','2018-05-31 11:21:29','2018-05-31 11:21:29',NULL,'初始化进入系统角色',NULL,NULL,1,1),(69,NULL,8,'初次登录系统默认角色','201079924250','2018-05-31 11:22:03','2018-05-31 11:22:03',NULL,'初始化进入系统角色',NULL,NULL,1,1),(70,NULL,2,NULL,'201619040104','2018-05-31 11:24:18','2018-05-31 11:24:18',NULL,NULL,NULL,NULL,0,1),(71,NULL,2,NULL,'201470034106','2018-06-01 11:46:43','2018-05-31 11:30:57',NULL,NULL,NULL,NULL,1,1),(72,NULL,2,NULL,'20147003410000','2018-05-31 16:33:25','2018-05-31 16:33:25',NULL,NULL,NULL,NULL,0,1),(73,NULL,1,NULL,'201079924250','2018-05-31 16:59:15','2018-05-31 16:59:15',0,NULL,NULL,'',0,1),(74,NULL,6,NULL,'201079924250','2018-05-31 16:59:15','2018-05-31 16:59:15',0,NULL,NULL,'',0,1),(75,NULL,3,NULL,'201079924250','2018-05-31 16:59:15','2018-05-31 16:59:15',0,NULL,NULL,'',0,1),(76,NULL,8,'初次登录系统默认角色','201719144323','2018-06-11 08:10:41','2018-06-11 08:10:41',NULL,'初始化进入系统角色',NULL,NULL,1,1);

#
# Structure for table "vote"
#

DROP TABLE IF EXISTS `vote`;
CREATE TABLE `vote` (
  `Id` bigint(20) NOT NULL AUTO_INCREMENT,
  `create_time` timestamp NOT NULL DEFAULT CURRENT_TIMESTAMP,
  `last_modify_time` timestamp NOT NULL DEFAULT CURRENT_TIMESTAMP ON UPDATE CURRENT_TIMESTAMP,
  `name` varchar(255) DEFAULT NULL COMMENT '投票',
  `sno` varchar(255) DEFAULT NULL COMMENT '创建人学号',
  `stu_name` varchar(255) DEFAULT NULL COMMENT '创建人姓名',
  `is_anon` int(11) DEFAULT '0' COMMENT '是否匿名',
  `vote_num` int(11) DEFAULT '0' COMMENT '可投数量',
  `ranges` varchar(255) DEFAULT '' COMMENT '投票范围',
  `is_cove_son` int(11) DEFAULT '0' COMMENT '是否包含子组织',
  `start_time` timestamp NULL DEFAULT '2000-01-01 12:00:00',
  `end_time` timestamp NULL DEFAULT '2000-01-01 12:00:00',
  `status` int(11) DEFAULT '0',
  PRIMARY KEY (`Id`)
) ENGINE=InnoDB AUTO_INCREMENT=18 DEFAULT CHARSET=utf8 COMMENT='投票';

#
# Data for table "vote"
#

INSERT INTO `vote` VALUES (1,'2018-05-23 20:54:42','2018-05-31 00:00:45','元旦人气担当','201470024220','贾慧强',1,2,'心理协会,读书协会,篮球社,电竞社,爱心协会,民族舞,健美操协会,佛经研究协会,书法协会,乒乓球社',NULL,'2018-05-23 00:00:00','2018-05-31 00:00:00',3),(2,'2018-05-23 20:58:54','2018-05-31 00:00:45','元旦最佳人气奖投票','201470024220','贾慧强',1,2,'读书协会,篮球社,电竞社,爱心协会,民族舞,心理协会,健美操协会,佛经研究协会,书法协会,乒乓球社',NULL,'2018-05-22 00:00:00','2018-05-31 00:00:00',3),(3,'2018-05-23 21:05:59','2018-05-23 21:06:14','最美大学生投票','201470024220','贾慧强',0,3,'读书协会,篮球社,电竞社,爱心协会,民族舞,心理协会,健美操协会,佛经研究协会,书法协会,乒乓球社',NULL,'2018-05-23 00:00:00','2018-06-27 00:00:00',2),(4,'2018-05-23 21:09:45','2018-05-23 21:11:14','优秀班级投票','201470024220','贾慧强',0,1,'读书协会,篮球社,电竞社,爱心协会,民族舞,心理协会,健美操协会,佛经研究协会,书法协会,乒乓球社',NULL,'2018-05-23 00:00:00','2018-06-29 00:00:00',2),(5,'2018-05-24 14:27:13','2018-05-31 00:00:45','最佳联谊方案','201470024220','贾慧强',1,1,'心理协会',NULL,'2018-05-24 17:06:00','2018-05-31 00:00:00',3),(6,'2018-05-26 18:01:39','2018-05-31 00:00:45','会议时间投票','201470024220','贾慧强',1,1,'',NULL,'2018-05-26 00:00:00','2018-05-31 00:00:00',3),(7,'2018-05-26 18:02:28','2018-05-31 00:00:45','会议时间投票','201470024220','贾慧强',1,2,'',NULL,'2018-05-26 00:00:00','2018-05-31 00:00:00',3),(8,'2018-05-28 11:19:00','2018-05-31 11:18:50','5.28投票a','201470034106','李向',0,1,'心理协会',0,'2018-05-28 11:18:00','2018-05-31 11:18:00',3),(9,'2018-05-29 10:53:05','2018-05-29 23:52:28','5.28','201470024220','贾慧强',1,1,'心理协会',1,'2018-05-29 10:52:00','2018-05-29 23:52:00',3),(10,'2018-05-29 10:53:14','2018-05-29 23:52:28','5.28','201470024220','贾慧强',1,1,'心理协会',1,'2018-05-29 10:52:00','2018-05-29 23:52:00',3),(11,'2018-05-29 10:56:17','2018-05-29 23:55:28','投票5.29','201470024220','贾慧强',1,1,'心理协会',1,'2018-05-29 10:55:00','2018-05-29 23:55:00',3),(12,'2018-05-29 10:59:58','2018-05-29 23:59:28','投票5.29AA','201470024220','贾慧强',0,1,'心理协会',1,'2018-05-29 10:59:00','2018-05-29 23:59:00',3),(13,'2018-05-29 11:03:52','2018-05-29 23:03:27','投票5.29BB','201470024220','贾慧强',1,2,'心理协会',0,'2018-05-29 11:03:00','2018-05-29 23:03:00',3),(14,'2018-05-29 11:05:49','2018-05-29 23:05:27','投票cc','201470024220','贾慧强',0,1,'心理协会',0,'2018-05-29 11:05:00','2018-05-29 23:05:00',3),(15,'2018-05-29 11:07:41','2018-05-30 23:07:45','投票DD','201470024220','贾慧强',0,1,'心理协会',0,'2018-05-29 11:07:00','2018-05-30 23:07:00',3),(16,'2018-05-29 20:53:09','2018-05-29 23:52:28','投票5.29AAAA','201470024220','贾慧强',1,2,'心理协会',NULL,'2018-05-29 21:52:00','2018-05-29 23:52:00',3),(17,'2018-05-31 16:38:29','2018-06-01 00:00:07','演示数据','201470044226','李亮亮',1,1,'心理协会',NULL,'2018-05-31 16:37:52','2018-06-01 00:00:00',3);

#
# Structure for table "vote_mass"
#

DROP TABLE IF EXISTS `vote_mass`;
CREATE TABLE `vote_mass` (
  `id` bigint(20) NOT NULL AUTO_INCREMENT,
  `create_time` timestamp NULL DEFAULT CURRENT_TIMESTAMP ON UPDATE CURRENT_TIMESTAMP,
  `last_modify_time` timestamp NULL DEFAULT CURRENT_TIMESTAMP ON UPDATE CURRENT_TIMESTAMP,
  `vote_id` bigint(20) NOT NULL DEFAULT '0' COMMENT '投票ID',
  `mass_id` bigint(20) NOT NULL DEFAULT '0' COMMENT '社团ID',
  PRIMARY KEY (`id`)
) ENGINE=InnoDB AUTO_INCREMENT=51 DEFAULT CHARSET=utf8 COMMENT='投票范围列表';

#
# Data for table "vote_mass"
#

INSERT INTO `vote_mass` VALUES (1,'2018-05-23 20:54:43','2018-05-23 20:54:43',1,1),(2,'2018-05-23 20:54:43','2018-05-23 20:54:43',1,1),(3,'2018-05-23 20:54:43','2018-05-23 20:54:43',1,1),(4,'2018-05-23 20:54:43','2018-05-23 20:54:43',1,1),(5,'2018-05-23 20:54:43','2018-05-23 20:54:43',1,1),(6,'2018-05-23 20:54:43','2018-05-23 20:54:43',1,1),(7,'2018-05-23 20:54:43','2018-05-23 20:54:43',1,1),(8,'2018-05-23 20:54:43','2018-05-23 20:54:43',1,1),(9,'2018-05-23 20:54:43','2018-05-23 20:54:43',1,1),(10,'2018-05-23 20:54:43','2018-05-23 20:54:43',1,1),(11,'2018-05-23 20:58:55','2018-05-23 20:58:55',2,1),(12,'2018-05-23 20:58:55','2018-05-23 20:58:55',2,1),(13,'2018-05-23 20:58:55','2018-05-23 20:58:55',2,1),(14,'2018-05-23 20:58:55','2018-05-23 20:58:55',2,1),(15,'2018-05-23 20:58:55','2018-05-23 20:58:55',2,1),(16,'2018-05-23 20:58:55','2018-05-23 20:58:55',2,1),(17,'2018-05-23 20:58:55','2018-05-23 20:58:55',2,1),(18,'2018-05-23 20:58:55','2018-05-23 20:58:55',2,1),(19,'2018-05-23 20:58:55','2018-05-23 20:58:55',2,1),(20,'2018-05-23 20:58:55','2018-05-23 20:58:55',2,1),(21,'2018-05-23 21:05:59','2018-05-23 21:05:59',3,1),(22,'2018-05-23 21:05:59','2018-05-23 21:05:59',3,1),(23,'2018-05-23 21:05:59','2018-05-23 21:05:59',3,1),(24,'2018-05-23 21:05:59','2018-05-23 21:05:59',3,1),(25,'2018-05-23 21:05:59','2018-05-23 21:05:59',3,1),(26,'2018-05-23 21:05:59','2018-05-23 21:05:59',3,1),(27,'2018-05-23 21:05:59','2018-05-23 21:05:59',3,1),(28,'2018-05-23 21:05:59','2018-05-23 21:05:59',3,1),(29,'2018-05-23 21:05:59','2018-05-23 21:05:59',3,1),(30,'2018-05-23 21:05:59','2018-05-23 21:05:59',3,1),(31,'2018-05-23 21:09:46','2018-05-23 21:09:46',4,1),(32,'2018-05-23 21:09:46','2018-05-23 21:09:46',4,1),(33,'2018-05-23 21:09:46','2018-05-23 21:09:46',4,1),(34,'2018-05-23 21:09:46','2018-05-23 21:09:46',4,1),(35,'2018-05-23 21:09:46','2018-05-23 21:09:46',4,1),(36,'2018-05-23 21:09:46','2018-05-23 21:09:46',4,1),(37,'2018-05-23 21:09:46','2018-05-23 21:09:46',4,1),(38,'2018-05-23 21:09:46','2018-05-23 21:09:46',4,1),(39,'2018-05-23 21:09:46','2018-05-23 21:09:46',4,1),(40,'2018-05-23 21:09:46','2018-05-23 21:09:46',4,1),(41,'2018-05-24 14:27:13','2018-05-24 14:27:13',5,1),(42,'2018-05-28 11:19:01','2018-05-28 11:19:01',8,1),(43,'2018-05-29 10:53:14','2018-05-29 10:53:14',10,1),(44,'2018-05-29 10:56:18','2018-05-29 10:56:18',11,1),(45,'2018-05-29 10:59:58','2018-05-29 10:59:58',12,1),(46,'2018-05-29 11:03:52','2018-05-29 11:03:52',13,1),(47,'2018-05-29 11:05:50','2018-05-29 11:05:50',14,1),(48,'2018-05-29 11:07:41','2018-05-29 11:07:41',15,1),(49,'2018-05-29 20:53:09','2018-05-29 20:53:09',16,1),(50,'2018-05-31 16:38:30','2018-05-31 16:38:30',17,1);

#
# Structure for table "vote_mem"
#

DROP TABLE IF EXISTS `vote_mem`;
CREATE TABLE `vote_mem` (
  `Id` bigint(20) NOT NULL AUTO_INCREMENT,
  `create_time` timestamp NULL DEFAULT CURRENT_TIMESTAMP,
  `last_modify_time` timestamp NULL DEFAULT CURRENT_TIMESTAMP ON UPDATE CURRENT_TIMESTAMP,
  `vote_id` bigint(20) NOT NULL DEFAULT '0' COMMENT '投票ID',
  `sno` varchar(255) NOT NULL DEFAULT '' COMMENT '学号',
  `vote_time` datetime DEFAULT '2000-01-01 12:00:00' COMMENT '投票时间',
  `is_vote` int(11) DEFAULT '0' COMMENT '是否已投',
  `status` int(11) DEFAULT '0',
  `username` varchar(255) DEFAULT NULL,
  PRIMARY KEY (`Id`),
  UNIQUE KEY `vote_sno` (`vote_id`,`sno`) USING BTREE
) ENGINE=InnoDB AUTO_INCREMENT=83 DEFAULT CHARSET=utf8 COMMENT='投票人员';

#
# Data for table "vote_mem"
#

INSERT INTO `vote_mem` VALUES (1,'2018-05-23 20:56:13','2018-05-24 16:47:44',1,'201470024220','2018-05-24 16:47:44',1,2,'贾慧强'),(2,'2018-05-23 21:01:13','2018-05-24 16:48:14',2,'201470024220','2018-05-24 16:48:14',1,2,'贾慧强'),(3,'2018-05-23 21:06:13','2018-05-23 21:11:07',3,'201470024220','2018-05-23 21:11:07',1,2,'贾慧强'),(4,'2018-05-23 21:11:13','2018-05-30 10:25:34',4,'201470024220','2018-05-30 10:25:34',1,2,'贾慧强'),(5,'2018-05-24 17:06:05','2018-05-24 17:06:05',5,'201470024220',NULL,0,1,'贾慧强'),(6,'2018-05-24 17:06:05','2018-05-24 17:06:05',5,'201619240119',NULL,0,1,'雒晓辉'),(7,'2018-05-24 17:06:05','2018-05-24 17:06:05',5,'201719212434',NULL,0,1,'毛思源'),(8,'2018-05-28 11:19:16','2018-05-28 11:19:16',8,'201307104106',NULL,0,1,'范虎子'),(9,'2018-05-28 11:19:16','2018-05-28 11:19:16',8,'201470024220',NULL,0,1,'贾慧强'),(10,'2018-05-28 11:19:16','2018-05-28 11:19:16',8,'201470034106',NULL,0,1,'李向'),(11,'2018-05-28 11:19:16','2018-05-29 14:21:33',8,'201470044226','2018-05-29 14:21:33',1,2,'李亮亮'),(12,'2018-05-28 11:19:16','2018-05-28 11:19:16',8,'201619160415',NULL,0,1,'李通'),(13,'2018-05-28 11:19:16','2018-05-28 11:19:16',8,'201619240119',NULL,0,1,'雒晓辉'),(14,'2018-05-28 11:19:16','2018-05-28 11:19:16',8,'201719164403',NULL,0,1,'王甜甜'),(15,'2018-05-28 11:19:16','2018-05-28 11:19:16',8,'201719212434',NULL,0,1,'毛思源'),(16,'2018-05-29 10:53:13','2018-05-29 10:53:13',9,'201307104106',NULL,0,1,'范虎子'),(17,'2018-05-29 10:53:13','2018-05-29 10:53:13',9,'201470024220',NULL,0,1,'贾慧强'),(18,'2018-05-29 10:53:13','2018-05-29 10:53:13',9,'201470034106',NULL,0,1,'李向'),(19,'2018-05-29 10:53:13','2018-05-29 10:53:13',9,'201470044226',NULL,0,1,'李亮亮'),(20,'2018-05-29 10:53:13','2018-05-29 10:53:13',9,'201619150210',NULL,0,1,'陈彩艳'),(21,'2018-05-29 10:53:13','2018-05-29 10:53:13',9,'201619240119',NULL,0,1,'雒晓辉'),(22,'2018-05-29 10:53:13','2018-05-29 10:53:13',9,'201719164403',NULL,0,1,'王甜甜'),(23,'2018-05-29 10:53:13','2018-05-29 10:53:13',9,'201719212434',NULL,0,1,'毛思源'),(24,'2018-05-29 10:54:13','2018-05-29 10:54:13',10,'201307104106',NULL,0,1,'范虎子'),(25,'2018-05-29 10:54:13','2018-05-29 10:54:13',10,'201470024220',NULL,0,1,'贾慧强'),(26,'2018-05-29 10:54:13','2018-05-29 10:54:13',10,'201470034106',NULL,0,1,'李向'),(27,'2018-05-29 10:54:13','2018-05-29 10:54:13',10,'201470044226',NULL,0,1,'李亮亮'),(28,'2018-05-29 10:54:13','2018-05-29 10:54:13',10,'201619150210',NULL,0,1,'陈彩艳'),(29,'2018-05-29 10:54:13','2018-05-29 10:54:13',10,'201619240119',NULL,0,1,'雒晓辉'),(30,'2018-05-29 10:54:13','2018-05-29 10:54:13',10,'201719164403',NULL,0,1,'王甜甜'),(31,'2018-05-29 10:54:13','2018-05-29 10:54:13',10,'201719212434',NULL,0,1,'毛思源'),(32,'2018-05-29 10:57:13','2018-05-29 10:57:13',11,'201307104106',NULL,0,1,'范虎子'),(33,'2018-05-29 10:57:13','2018-05-29 10:57:13',11,'201470024220',NULL,0,1,'贾慧强'),(34,'2018-05-29 10:57:13','2018-05-29 10:57:13',11,'201470034106',NULL,0,1,'李向'),(35,'2018-05-29 10:57:13','2018-05-29 10:57:13',11,'201470044226',NULL,0,1,'李亮亮'),(36,'2018-05-29 10:57:13','2018-05-29 10:57:13',11,'201619150210',NULL,0,1,'陈彩艳'),(37,'2018-05-29 10:57:13','2018-05-29 10:57:13',11,'201619240119',NULL,0,1,'雒晓辉'),(38,'2018-05-29 10:57:13','2018-05-29 10:57:13',11,'201719164403',NULL,0,1,'王甜甜'),(39,'2018-05-29 10:57:13','2018-05-29 10:57:13',11,'201719212434',NULL,0,1,'毛思源'),(40,'2018-05-29 11:00:13','2018-05-29 11:00:13',12,'201307104106',NULL,0,1,'范虎子'),(41,'2018-05-29 11:00:13','2018-05-29 11:00:13',12,'201470024220',NULL,0,1,'贾慧强'),(42,'2018-05-29 11:00:13','2018-05-29 11:00:13',12,'201470034106',NULL,0,1,'李向'),(43,'2018-05-29 11:00:13','2018-05-29 11:00:13',12,'201470044226',NULL,0,1,'李亮亮'),(44,'2018-05-29 11:00:13','2018-05-29 11:00:13',12,'201619150210',NULL,0,1,'陈彩艳'),(45,'2018-05-29 11:00:13','2018-05-29 11:00:13',12,'201619240119',NULL,0,1,'雒晓辉'),(46,'2018-05-29 11:00:13','2018-05-29 11:00:13',12,'201719164403',NULL,0,1,'王甜甜'),(47,'2018-05-29 11:00:13','2018-05-29 11:00:13',12,'201719212434',NULL,0,1,'毛思源'),(48,'2018-05-29 11:04:13','2018-05-29 11:04:13',13,'201307104106',NULL,0,1,'范虎子'),(49,'2018-05-29 11:04:13','2018-05-29 11:04:13',13,'201470024220',NULL,0,1,'贾慧强'),(50,'2018-05-29 11:04:13','2018-05-29 11:04:13',13,'201470034106',NULL,0,1,'李向'),(51,'2018-05-29 11:04:13','2018-05-29 11:04:13',13,'201470044226',NULL,0,1,'李亮亮'),(52,'2018-05-29 11:04:13','2018-05-29 11:04:13',13,'201619150210',NULL,0,1,'陈彩艳'),(53,'2018-05-29 11:04:13','2018-05-29 11:04:13',13,'201619240119',NULL,0,1,'雒晓辉'),(54,'2018-05-29 11:04:13','2018-05-29 11:04:13',13,'201719164403',NULL,0,1,'王甜甜'),(55,'2018-05-29 11:04:13','2018-05-29 11:04:13',13,'201719212434',NULL,0,1,'毛思源'),(56,'2018-05-29 11:06:13','2018-05-29 11:06:13',14,'201307104106',NULL,0,1,'范虎子'),(57,'2018-05-29 11:06:13','2018-05-29 11:06:13',14,'201470024220',NULL,0,1,'贾慧强'),(58,'2018-05-29 11:06:14','2018-05-29 11:06:14',14,'201470034106',NULL,0,1,'李向'),(59,'2018-05-29 11:06:14','2018-05-29 11:06:14',14,'201470044226',NULL,0,1,'李亮亮'),(60,'2018-05-29 11:06:14','2018-05-29 11:06:14',14,'201619150210',NULL,0,1,'陈彩艳'),(61,'2018-05-29 11:06:14','2018-05-29 11:06:14',14,'201619240119',NULL,0,1,'雒晓辉'),(62,'2018-05-29 11:06:14','2018-05-29 11:06:14',14,'201719164403',NULL,0,1,'王甜甜'),(63,'2018-05-29 11:06:14','2018-05-29 11:06:14',14,'201719212434',NULL,0,1,'毛思源'),(64,'2018-05-29 11:08:14','2018-05-29 11:08:14',15,'201307104106',NULL,0,1,'范虎子'),(65,'2018-05-29 11:08:14','2018-05-29 11:08:14',15,'201470024220',NULL,0,1,'贾慧强'),(66,'2018-05-29 11:08:14','2018-05-29 11:08:14',15,'201470034106',NULL,0,1,'李向'),(67,'2018-05-29 11:08:14','2018-05-29 11:08:14',15,'201470044226',NULL,0,1,'李亮亮'),(68,'2018-05-29 11:08:14','2018-05-29 11:08:14',15,'201619150210',NULL,0,1,'陈彩艳'),(69,'2018-05-29 11:08:14','2018-05-29 11:08:14',15,'201619240119',NULL,0,1,'雒晓辉'),(70,'2018-05-29 11:08:14','2018-05-29 11:08:14',15,'201719164403',NULL,0,1,'王甜甜'),(71,'2018-05-29 11:08:14','2018-05-29 11:08:14',15,'201719212434',NULL,0,1,'毛思源'),(72,'2018-05-29 21:52:26','2018-05-29 21:52:26',16,'201307104106',NULL,0,1,'范虎子'),(73,'2018-05-29 21:52:26','2018-05-29 21:52:26',16,'201470024220',NULL,0,1,'贾慧强'),(74,'2018-05-29 21:52:26','2018-05-29 21:52:26',16,'201470034106',NULL,0,1,'李向'),(75,'2018-05-29 21:52:26','2018-05-29 21:52:26',16,'201470044226',NULL,0,1,'李亮亮'),(76,'2018-05-29 21:52:26','2018-05-29 21:52:26',16,'201619150210',NULL,0,1,'陈彩艳'),(77,'2018-05-29 21:52:26','2018-05-29 21:52:26',16,'201719164403',NULL,0,1,'王甜甜'),(78,'2018-05-31 16:39:05','2018-05-31 16:40:34',17,'201470024220','2018-05-31 16:40:34',1,2,'贾慧强'),(79,'2018-05-31 16:39:05','2018-05-31 16:39:05',17,'201470034106',NULL,0,1,'李向'),(80,'2018-05-31 16:39:05','2018-05-31 16:39:05',17,'201470044226',NULL,0,1,'李亮亮'),(81,'2018-05-31 16:39:05','2018-05-31 16:39:05',17,'201619150210',NULL,0,1,'陈彩艳'),(82,'2018-05-31 16:39:05','2018-05-31 16:39:05',17,'201719164403',NULL,0,1,'王甜甜');

#
# Structure for table "vote_result"
#

DROP TABLE IF EXISTS `vote_result`;
CREATE TABLE `vote_result` (
  `id` bigint(20) NOT NULL AUTO_INCREMENT,
  `create_time` timestamp NULL DEFAULT NULL ON UPDATE CURRENT_TIMESTAMP,
  `last_modify_time` timestamp NULL DEFAULT CURRENT_TIMESTAMP ON UPDATE CURRENT_TIMESTAMP,
  `vote_id` bigint(20) NOT NULL DEFAULT '0',
  `user_name` varchar(255) DEFAULT NULL,
  `sno` varchar(255) DEFAULT NULL,
  `option_id` bigint(20) NOT NULL DEFAULT '0',
  `option_value` varchar(255) DEFAULT NULL,
  `status` int(11) NOT NULL DEFAULT '0',
  PRIMARY KEY (`id`),
  UNIQUE KEY `option_sno` (`sno`,`option_id`) USING BTREE
) ENGINE=InnoDB AUTO_INCREMENT=16 DEFAULT CHARSET=utf8 COMMENT='投票结果集';

#
# Data for table "vote_result"
#

INSERT INTO `vote_result` VALUES (1,'2018-05-24 10:23:51','2018-05-24 10:23:51',1,'贾慧强','201470024220',3,'张新',1),(2,'2018-05-24 10:23:51','2018-05-24 10:23:51',3,'贾慧强','201470024220',24,'迪丽热巴',1),(3,'2018-05-24 10:23:51','2018-05-24 10:23:51',3,'贾慧强','201470024220',19,'赵丽颖',1),(4,'2018-05-24 10:23:51','2018-05-24 10:23:51',3,'贾慧强','201470024220',20,'赵灵儿',1),(5,'2018-05-24 10:23:51','2018-05-24 10:23:51',1,'贾慧强','201470024220',4,'李理',1),(7,'2018-05-24 16:47:02','2018-05-24 16:47:02',2,'贾慧强','201470024220',13,'张杰',1),(8,'2018-05-24 16:47:02','2018-05-24 16:47:02',2,'贾慧强','201470024220',12,'谢娜',1),(10,'2018-05-24 16:47:44','2018-05-24 16:47:44',1,'贾慧强','201470024220',2,'小明',1),(11,'2018-05-24 16:48:15','2018-05-24 16:48:15',2,'贾慧强','201470024220',14,'何炅',1),(13,'2018-05-29 14:21:33','2018-05-29 14:21:33',8,'李亮亮','201470044226',44,'投票b',1),(14,'2018-05-30 10:25:34','2018-05-30 10:25:34',4,'贾慧强','201470024220',29,'RB软工金144',1),(15,'2018-05-31 16:40:34','2018-05-31 16:40:34',17,'贾慧强','201470024220',65,'选项1',1);
